t_h,w_norm_degs
0.0,17.286348731273648
0.016666666666666666,16.581826201620203
0.03333333333333333,15.860293639919934
0.05,15.316583875921545
0.06666666666666667,13.938991654861239
0.08333333333333333,12.751450676109602
0.1,11.845207779417557
0.11666666666666667,11.15208320339085
0.13333333333333333,10.732455324643167
0.15,10.56367681436914
0.16666666666666666,10.405662199457522
0.18333333333333332,10.349155937439912
0.2,10.279811523030332
0.21666666666666667,10.241587783297337
0.23333333333333334,10.190014945169823
0.25,10.163013825249388
0.26666666666666666,10.130772735431368
0.2833333333333333,10.100504719253152
0.3,10.079926787476674
0.31666666666666665,10.050137771227982
0.3333333333333333,10.025138411342073
0.35,10.005358509338828
0.36666666666666664,9.976781079108457
0.38333333333333336,9.951515011275267
0.4,9.931621020400291
0.4166666666666667,9.90322486885808
0.43333333333333335,9.872891688902651
0.45,9.849731486248249
0.4666666666666667,9.82232785957214
0.48333333333333334,9.784352619724839
0.5,9.746901366691594
0.5166666666666667,9.714865341273843
0.5333333333333333,9.675267253726709
0.55,9.616517992307395
0.5666666666666667,9.542545486038096
0.5833333333333334,9.461836857550589
0.6,9.377635430000941
0.6166666666666667,9.276731863816199
0.6333333333333333,9.13974723344739
0.65,8.965883629253709
0.6666666666666666,8.752238574625698
0.6833333333333333,8.503251997475678
0.7,8.241025311868535
0.7166666666666667,7.973651233559631
0.7333333333333333,7.497063890378511
0.75,7.168467153688869
0.7666666666666667,6.60837591437513
0.7833333333333333,6.060905959258655
0.8,5.560589805350324
0.8166666666666667,5.2971172973809555
0.8333333333333334,4.87573538533683
0.85,4.501800066044244
0.8666666666666667,4.25456632857238
0.8833333333333333,4.139180072666941
0.9,4.046731174240869
0.9166666666666666,4.029386747701094
0.9333333333333333,3.997280382118629
0.95,3.9674381291550946
0.9666666666666667,3.955959679683861
0.9833333333333333,3.9372954025934503
1.0,3.9162577994070955
1.0166666666666666,3.906865272561749
1.0333333333333334,3.8963688749539247
1.05,3.879952378555603
1.0666666666666667,3.8695755558581895
1.0833333333333333,3.863239238560607
1.1,3.851240862333573
1.1166666666666667,3.8387077038290567
1.1333333333333333,3.8322180639223644
1.15,3.8248024739907773
1.1666666666666667,3.8119836918132486
1.1833333333333333,3.801219144379692
1.2,3.795192843279103
1.2166666666666666,3.7858799502014544
1.2333333333333334,3.77118188211979
1.25,3.759196959335119
1.2666666666666666,3.7517587064655515
1.2833333333333334,3.7399648778061314
1.3,3.7204733650850965
1.3166666666666667,3.7020221533643025
1.3333333333333333,3.6898802165004576
1.35,3.6751929364259777
1.3666666666666667,3.6475870097134058
1.3833333333333333,3.610990856578195
1.4,3.57813237743775
1.4166666666666667,3.552434763723428
1.4333333333333333,3.5220800490925654
1.45,3.4723518294092948
1.4666666666666666,3.3993249210079846
1.4833333333333334,3.309803770094239
1.5,3.212145951686579
1.5166666666666666,3.1106458545167297
1.5333333333333334,3.0071973831794176
1.55,2.905454171695237
1.5666666666666667,2.8133878234320266
1.5833333333333333,2.7381107883999745
1.6,2.677596235748297
1.6166666666666667,2.619129987066294
1.6333333333333333,2.5536555537590004
1.65,2.489984340259336
1.6666666666666667,2.4453007915348275
1.6833333333333333,2.4237284002980113
1.7,2.411815750283958
1.7166666666666666,2.3947616854685414
1.7333333333333334,2.372403772089665
1.75,2.355301028119782
1.7666666666666666,2.347888841281263
1.7833333333333334,2.3427803428270524
1.8,2.3325586301638777
1.8166666666666667,2.3202960178178054
1.8333333333333333,2.3131723422910224
1.85,2.310334279153164
1.8666666666666667,2.304722808471618
1.8833333333333333,2.2951946081510983
1.9,2.288106683861179
1.9166666666666667,2.285612184768406
1.9333333333333333,2.2815794794380704
1.95,2.2728715830287998
1.9666666666666666,2.2654311282245487
1.9833333333333334,2.26290083650104
2.0,2.2588909878632544
2.0166666666666666,2.249122950203194
2.033333333333333,2.240749648281906
2.05,2.238180016146776
2.066666666666667,2.2323680897811524
2.0833333333333335,2.218789828719356
2.1,2.209173655540892
2.1166666666666667,2.206444006913835
2.1333333333333333,2.1938474159288233
2.15,2.1720949451300955
2.1666666666666665,2.1636564761574513
2.183333333333333,2.1559456129913883
2.2,2.1208730911791975
2.216666666666667,2.0949070111368453
2.2333333333333334,2.091380401441158
2.25,2.0368526312775153
2.2666666666666666,1.9868545569366234
2.283333333333333,1.9861957067933393
2.3,1.8850984240528932
2.316666666666667,1.8493913580110644
2.3333333333333335,1.8075410127533624
2.35,1.6960086074889116
2.3666666666666667,1.7001532242339203
2.3833333333333333,1.581619788975014
2.4,1.5915115168434883
2.4166666666666665,1.5047067460321226
2.433333333333333,1.5120213405479275
2.45,1.4567535088828154
2.466666666666667,1.461133840125876
2.4833333333333334,1.427435232740991
2.5,1.4286267938089001
2.5166666666666666,1.408604483856079
2.533333333333333,1.4064372018326416
2.55,1.3955816849270306
2.566666666666667,1.390219439204375
2.5833333333333335,1.3857463658277915
2.6,1.3777884319445468
2.6166666666666667,1.377518574872979
2.6333333333333333,1.3680345539746606
2.65,1.3698593541296076
2.6666666666666665,1.360361228378315
2.683333333333333,1.3620931833136574
2.7,1.3543201271309753
2.716666666666667,1.353894385893547
2.7333333333333334,1.349348342745378
2.75,1.3453323742353271
2.7666666666666666,1.3445926566118096
2.783333333333333,1.3368637167390134
2.8,1.3388781848491438
2.816666666666667,1.3291602818725927
2.8333333333333335,1.330912148722763
2.85,1.322664760078606
2.8666666666666667,1.3198010163316765
2.8833333333333333,1.3168074864809654
2.9,1.305843205501325
2.9166666666666665,1.3089917944520668
2.933333333333333,1.2911871218196656
2.95,1.2940833127194236
2.966666666666667,1.27896126274917
2.9833333333333334,1.2667332441950268
3.0,1.267776009158536
3.0166666666666666,1.2300445398191375
3.033333333333333,1.2405523562912988
3.05,1.2029696972277544
3.066666666666667,1.171902264728921
3.0833333333333335,1.183662863758468
3.1,1.1013400538290294
3.1166666666666667,1.0931191997711702
3.1333333333333333,1.086115673436807
3.15,0.9915538672992045
3.1666666666666665,0.9834266302149846
3.183333333333333,0.9837003168056695
3.2,0.9165954863016634
3.216666666666667,0.8917226443089268
3.2333333333333334,0.9016996055043669
3.25,0.8787922600615803
3.2666666666666666,0.8523715546780737
3.283333333333333,0.8537536369551966
3.3,0.8536776345679837
3.316666666666667,0.8381639930493148
3.3333333333333335,0.8305377672632982
3.35,0.8342469939204259
3.3666666666666667,0.8304436694549211
3.3833333333333333,0.8204078634790166
3.4,0.8188748990129181
3.4166666666666665,0.8215520653356579
3.433333333333333,0.8165353468339032
3.45,0.8097831159710053
3.466666666666667,0.8106974326051299
3.4833333333333334,0.8122004597059567
3.5,0.8065466050640624
3.5166666666666666,0.8015761414239092
3.533333333333333,0.8035624327263438
3.55,0.8041217899763542
3.566666666666667,0.7978683870635931
3.5833333333333335,0.7937249609026855
3.6,0.7963695454469378
3.6166666666666667,0.7962991288928347
3.6333333333333333,0.7889263545544849
3.65,0.7844772281501787
3.6666666666666665,0.7877716028553134
3.683333333333333,0.7876108017786047
3.7,0.7779593396598825
3.716666666666667,0.7711975587627277
3.7333333333333334,0.7753523146199771
3.75,0.7765478613159683
3.7666666666666666,0.7624472376957142
3.783333333333333,0.7480916261429499
3.8,0.7518176777307183
3.816666666666667,0.7588606624113939
3.8333333333333335,0.7397729989584189
3.85,0.7058823241661104
3.8666666666666667,0.6967027848854462
3.8833333333333333,0.7139079587732585
3.9,0.7065053697419901
3.9166666666666665,0.6553074406158638
3.933333333333333,0.6075491483823068
3.95,0.6006263921731597
3.966666666666667,0.616025179891288
3.9833333333333334,0.6102203680156513
4.0,0.575236386850518
4.016666666666667,0.538900304833266
4.033333333333333,0.5218705129859681
4.05,0.5225728364263167
4.066666666666666,0.5275152088535737
4.083333333333333,0.525268036069146
4.1,0.5148936074799673
4.116666666666666,0.5035044579949961
4.133333333333334,0.4977510256430436
4.15,0.4986207248373087
4.166666666666667,0.5019446128347336
4.183333333333334,0.5024211479877182
4.2,0.4980657502242786
4.216666666666667,0.49145686910789
4.233333333333333,0.4868892965236811
4.25,0.48661928946783345
4.266666666666667,0.48932382736437424
4.283333333333333,0.4913927906305003
4.3,0.4899538832571936
4.316666666666666,0.48527965655572497
4.333333333333333,0.48040532424096455
4.35,0.4784501674767739
4.366666666666666,0.4801502753534436
4.383333333333334,0.48333744500942394
4.4,0.48455762730364804
4.416666666666667,0.4818022633585193
4.433333333333334,0.4762140278194527
4.45,0.47118653621221357
4.466666666666667,0.4697614731103777
4.483333333333333,0.4724679883700484
4.5,0.47679942521157836
4.516666666666667,0.4785908073938972
4.533333333333333,0.47488457716729293
4.55,0.46637571135909933
4.566666666666666,0.45718418321062704
4.583333333333333,0.4522654134368473
4.6,0.4545955951971692
4.616666666666666,0.46302369724296527
4.633333333333334,0.4711322857882291
4.65,0.46965698243719417
4.666666666666667,0.45363827327227096
4.683333333333334,0.42752871225570493
4.7,0.4018779116295043
4.716666666666667,0.3862657585555735
4.733333333333333,0.38466968347537206
4.75,0.3934724572786669
4.766666666666667,0.4025926036090805
4.783333333333333,0.40173735501261404
4.8,0.3879023888345788
4.816666666666666,0.3662133679661488
4.833333333333333,0.34423875138513577
4.85,0.32707872137797434
4.866666666666666,0.3164721475261746
4.883333333333334,0.31193658674206864
4.9,0.31188140571856404
4.916666666666667,0.31424493215634197
4.933333333333334,0.3169176548297239
4.95,0.31817105029558707
4.966666666666667,0.31706512749272525
4.983333333333333,0.3136447938060503
5.0,0.30878929699714597
5.016666666666667,0.3037888901361317
5.033333333333333,0.29987025586985944
5.05,0.2978545371030925
5.066666666666666,0.29799844142197035
5.083333333333333,0.29998111387386134
5.1,0.3029971809830106
5.116666666666666,0.30594964502290084
5.133333333333334,0.3077406301686912
5.15,0.30760682300466125
5.166666666666667,0.30537771953764753
5.183333333333334,0.30153023068663504
5.2,0.2970102542779542
5.216666666666667,0.29291877199810673
5.233333333333333,0.29020811111551686
5.25,0.2894816995380347
5.266666666666667,0.290907757138343
5.283333333333333,0.2942115359576313
5.3,0.29871479089116854
5.316666666666666,0.30342152687216034
5.333333333333333,0.30717517773393804
5.35,0.3089059272925138
5.366666666666666,0.30793143403736584
5.383333333333334,0.3041963029892231
5.4,0.29831472101344353
5.416666666666667,0.2913724248204903
5.433333333333334,0.28459046082822953
5.45,0.279032580013051
5.466666666666667,0.27549505997402984
5.483333333333333,0.27457844441721413
5.5,0.2767531136355762
5.516666666666667,0.28210819313332886
5.533333333333333,0.2896852365908435
5.55,0.296970961950002
5.566666666666666,0.3005225645649705
5.583333333333333,0.2977582805187848
5.6,0.28844489787191946
5.616666666666666,0.2745492274374625
5.633333333333334,0.2588537407317735
5.65,0.24368394694707812
5.666666666666667,0.23043746371255058
5.683333333333334,0.21971106854461525
5.7,0.211603250857249
5.716666666666667,0.20596086874947359
5.733333333333333,0.20252234737418223
5.75,0.20098221479508083
5.766666666666667,0.20101060367788293
5.783333333333333,0.2022526157636569
5.8,0.20432382074250713
5.816666666666666,0.20681256208372772
5.833333333333333,0.20929566642344322
5.85,0.2113696779174487
5.866666666666666,0.2126940070450682
5.883333333333334,0.21303635543664864
5.9,0.2123071104453295
5.916666666666667,0.21057086167792255
5.933333333333334,0.20803020934860655
5.95,0.20498654063485258
5.966666666666667,0.20178959114678025
5.983333333333333,0.19878914117633825
6.0,0.19629846085675046
6.016666666666667,0.1945730694042829
6.033333333333333,0.19380311685240523
6.05,0.194114813021699
6.066666666666666,0.19557578260694689
6.083333333333333,0.19820015979973474
6.1,0.20195073348147005
6.116666666666666,0.20673688962452658
6.133333333333334,0.2124081638194326
6.15,0.21874385074476468
6.166666666666667,0.22543952766506295
6.183333333333334,0.23209224257185537
6.2,0.23818891404658163
6.216666666666667,0.24310863877110067
6.233333333333333,0.24615771643886242
6.25,0.24665796127568923
6.266666666666667,0.24409077615042754
6.283333333333333,0.23825863415681794
6.3,0.22938831320209077
6.316666666666666,0.21810881581816163
6.333333333333333,0.20530083770250648
6.35,0.19188712743754172
6.366666666666666,0.17865599279112254
6.383333333333334,0.16617294536775393
6.4,0.15477765939097407
6.416666666666667,0.1446292351453378
6.433333333333334,0.13576304044763637
6.45,0.12813923867066174
6.466666666666667,0.12167771296458435
6.483333333333333,0.11628085750619326
6.5,0.11184729220061361
6.516666666666667,0.10827927603635276
6.533333333333333,0.10548597510284732
6.55,0.10338417125256888
6.566666666666666,0.10189752898856398
6.583333333333333,0.10095517652936027
6.6,0.10049009691958079
6.616666666666666,0.10043765013092244
6.633333333333334,0.10073443540841276
6.65,0.10131763341112446
6.666666666666667,0.1021249221932876
6.683333333333334,0.10309502580175574
6.7,0.10416891881558707
6.716666666666667,0.10529166783583647
6.733333333333333,0.10641483945184331
6.75,0.10749934625389618
6.766666666666667,0.10851854539383463
6.783333333333333,0.10946135814045063
6.8,0.1103351530859865
6.816666666666666,0.11116813389921383
6.833333333333333,0.1120109890956391
6.85,0.11293757970619123
6.866666666666666,0.11404443642146317
6.883333333333334,0.11544878503972296
6.9,0.11728469989702564
6.916666666666667,0.1196967965969445
6.933333333333334,0.12283063341146426
6.95,0.12681873424728077
6.966666666666667,0.1317609691766368
6.983333333333333,0.13769818375067241
7.0,0.14457906375569987
7.016666666666667,0.15222338225874804
7.033333333333333,0.16029128715167984
7.05,0.16827788209815692
7.066666666666666,0.1755598120139262
7.083333333333333,0.18151347013550456
7.1,0.18569009670487818
7.116666666666666,0.18797944379911974
7.133333333333334,0.1886646906399245
7.15,0.18831505842506355
7.166666666666667,0.1875637382733205
7.183333333333334,0.18689109507063223
7.2,0.18651283815867728
7.216666666666667,0.18639100928301922
7.233333333333333,0.18632028910353768
7.25,0.18603050792178016
7.266666666666667,0.18526912211443244
7.283333333333333,0.1838526404840085
7.3,0.18168961002560205
7.316666666666666,0.1787818654047013
7.333333333333333,0.17521095821969238
7.35,0.17111613156888772
7.366666666666666,0.16666950030148664
7.383333333333334,0.16205299285072117
7.4,0.15744005442717923
7.416666666666667,0.1529834116832985
7.433333333333334,0.14880876377199287
7.45,0.14501334684646444
7.466666666666667,0.14166794259662135
7.483333333333333,0.13882093267440787
7.5,0.13650325797463916
7.516666666666667,0.13473347170646147
7.533333333333333,0.13352238206007688
7.55,0.1328770201471092
7.566666666666666,0.13280383235090293
7.583333333333333,0.1333110913127699
7.6,0.13441056038817087
7.616666666666666,0.13611844599531203
7.633333333333334,0.13845564138673885
7.65,0.1414472114791298
7.666666666666667,0.14512099740825207
7.683333333333334,0.14950513888912406
7.7,0.1546242357336652
7.716666666666667,0.1604938206654932
7.733333333333333,0.1671128244794308
7.75,0.17445379039536463
7.766666666666667,0.18245063958394964
7.783333333333333,0.19098345384921744
7.8,0.19985838093513453
7.816666666666666,0.20877816617082157
7.833333333333333,0.21729777663979818
7.85,0.22476965131942836
7.866666666666666,0.23031659823771553
7.883333333333334,0.23291564331993134
7.9,0.23166603427923801
7.916666666666667,0.22617903195428252
7.933333333333334,0.2168485237821622
7.95,0.20477213048950127
7.966666666666667,0.19135302099520593
7.983333333333333,0.17785223282190432
8.0,0.16513482867680365
8.016666666666667,0.1536507147268121
8.033333333333333,0.14354540653745673
8.05,0.13478903933740405
8.066666666666666,0.12727098540334572
8.083333333333334,0.12085486201946272
8.1,0.11540586259304618
8.116666666666667,0.11080238767246495
8.133333333333333,0.10693972301627315
8.15,0.10373000361044203
8.166666666666666,0.10110060796345262
8.183333333333334,0.09899201622208383
8.2,0.09735560461010646
8.216666666666667,0.09615157334705329
8.233333333333333,0.09534707520337814
8.25,0.09491455555005611
8.266666666666667,0.094830295879454
8.283333333333333,0.09507315288992776
8.3,0.0956234949514353
8.316666666666666,0.09646235227591222
8.333333333333334,0.0975708138328807
8.35,0.09892972138608908
8.366666666666667,0.10051972758063439
8.383333333333333,0.1023217989586335
8.4,0.10431825327495854
8.416666666666666,0.1064944189135954
8.433333333333334,0.1088409851156587
8.45,0.11135706308599774
8.466666666666667,0.11405388045156774
8.483333333333333,0.11695885445229798
8.5,0.1201194876515048
8.516666666666667,0.12360604714346293
8.533333333333333,0.12751127799307757
8.55,0.13194449445710973
8.566666666666666,0.13701653566864758
8.583333333333334,0.14281194680688994
8.6,0.14934665738120806
8.616666666666667,0.1565151385993134
8.633333333333333,0.16404160149933272
8.65,0.17146283953295635
8.666666666666666,0.1781762952617429
8.683333333333334,0.18356986076308424
8.7,0.18720165417728588
8.716666666666667,0.18894351340978546
8.733333333333333,0.1889985727718958
8.75,0.18777914546756724
8.766666666666667,0.18572628393279889
8.783333333333333,0.18317533584948528
8.8,0.18031363111536847
8.816666666666666,0.17720903082905404
8.833333333333334,0.1738643349795751
8.85,0.17026522906982736
8.866666666666667,0.16640986828592952
8.883333333333333,0.1623210557306543
8.9,0.15804651641579473
8.916666666666666,0.1536528141529321
8.933333333333334,0.14921700093380294
8.95,0.1448185299326668
8.966666666666667,0.14053274138811156
8.983333333333333,0.1364263927711355
9.0,0.13255518812566944
9.016666666666667,0.1289629875388091
9.033333333333333,0.12568227359696094
9.05,0.1227354551807851
9.066666666666666,0.12013665067612815
9.083333333333334,0.11789367726045372
9.1,0.11601005808494436
9.116666666666667,0.11448693312064763
9.133333333333333,0.11332481759600888
9.15,0.1125251939420104
9.166666666666666,0.11209195046081015
9.183333333333334,0.11203269426438789
9.2,0.1123599682133155
9.216666666666667,0.11309239061024286
9.233333333333333,0.11425570838296849
9.25,0.11588370132003388
9.266666666666667,0.11801878250814297
9.283333333333333,0.12071198658796761
9.3,0.12402179273648503
9.316666666666666,0.12801086033000297
9.333333333333334,0.13273924639404933
9.35,0.1382520818989373
9.366666666666667,0.1445592565793349
9.383333333333333,0.1516050416591287
9.4,0.15922802376169165
9.416666666666666,0.1671179915698029
9.433333333333334,0.17478747676598166
9.45,0.18158822529334817
9.466666666666667,0.18680514802317078
9.483333333333333,0.1898344144541168
9.5,0.190394230426654
9.516666666666667,0.1886629555828326
9.533333333333333,0.18525248160364807
9.55,0.18101928031583495
9.566666666666666,0.17681420337272413
9.583333333333334,0.1732883148932067
9.6,0.1708099505108216
9.616666666666667,0.16947807015615976
9.633333333333333,0.16918618468075103
9.65,0.16969673636319885
9.666666666666666,0.17070480093941823
9.683333333333334,0.17188599430920617
9.7,0.1729314952225169
9.716666666666667,0.17357453722159913
9.733333333333333,0.17361077616321124
9.75,0.1729123835646749
9.766666666666667,0.17143426738015768
9.783333333333333,0.16921108594985593
9.8,0.16634533977133148
9.816666666666666,0.162988834461396
9.833333333333334,0.1593211907406765
9.85,0.15552927984303178
9.866666666666667,0.15179057564980603
9.883333333333333,0.14826196826210467
9.9,0.145074174044504
9.916666666666666,0.14233088844210265
9.933333333333334,0.14011136126454699
9.95,0.13847503119160665
9.966666666666667,0.13746706343006396
9.983333333333333,0.13712393261223887
10.0,0.13747847391222345
10.016666666666667,0.13856403102113185
10.033333333333333,0.14041743708500967
10.05,0.14308057078310638
10.066666666666666,0.14660014316413236
10.083333333333334,0.15102521536752722
10.1,0.1564017786029235
10.116666666666667,0.16276366534452152
10.133333333333333,0.1701193200226243
10.15,0.17843481362357944
10.166666666666666,0.18761499079833405
10.183333333333334,0.19748582175306237
10.2,0.20777877714011833
10.216666666666667,0.21810798385594643
10.233333333333333,0.22791646350888542
10.25,0.23637830311917538
10.266666666666667,0.24232659257750952
10.283333333333333,0.2443981238419514
10.3,0.24153276082953867
10.316666666666666,0.23360105855156815
10.333333333333334,0.2216333142197
10.35,0.20739831186789226
10.366666666666667,0.19267229245880138
10.383333333333333,0.17872266283390284
10.4,0.16620236256882792
10.416666666666666,0.15530576372295754
10.433333333333334,0.145973463250793
10.45,0.13804009204194878
10.466666666666667,0.13131471750360327
10.483333333333333,0.12561664964296215
10.5,0.12078808076936513
10.516666666666667,0.1166963057237686
10.533333333333333,0.11323183670610087
10.55,0.11030525328990662
10.566666666666666,0.10784397178059303
10.583333333333334,0.1057893738756369
10.6,0.10409441474261831
10.616666666666667,0.10272170189033396
10.633333333333333,0.10164199167893831
10.65,0.1008330417227793
10.666666666666666,0.1002787631629511
10.683333333333334,0.09996862728276329
10.7,0.09989729212117734
10.716666666666667,0.10006442491758463
10.733333333333333,0.10047470464974784
10.75,0.10113799503700192
10.766666666666667,0.10206968127157948
10.783333333333333,0.10329116167965162
10.8,0.10483047526707602
10.816666666666666,0.10672302192913527
10.833333333333334,0.10901228422193715
10.85,0.11175037206002549
10.866666666666667,0.11499805988959201
10.883333333333333,0.11882373488066875
10.9,0.12330028262763935
10.916666666666666,0.1284983733193128
10.933333333333334,0.13447391216920265
10.95,0.1412468127640819
10.966666666666667,0.14876840067756975
10.983333333333333,0.15687704553711587
11.0,0.16524817496117916
11.016666666666667,0.17335721920398892
11.033333333333333,0.18048936547776553
11.05,0.1858352455010606
11.066666666666666,0.1886851139603704
11.083333333333334,0.1886679000919713
11.1,0.1859162714044616
11.116666666666667,0.18105041293250096
11.133333333333333,0.17498107849473368
11.15,0.1686450183880318
11.166666666666666,0.16280108221455483
11.183333333333334,0.15794284180603532
11.2,0.15430788132210313
11.216666666666667,0.1519350899586738
11.233333333333333,0.15073022644008757
11.25,0.15051975545730603
11.266666666666667,0.15108804585047092
11.283333333333333,0.15220066359855702
11.3,0.15361888701617354
11.316666666666666,0.15511022627667376
11.333333333333334,0.15645823551371793
11.35,0.15747308602410623
11.366666666666667,0.1580026604409253
11.383333333333333,0.15794264586164045
11.4,0.15724351763632075
11.416666666666666,0.15591255749265878
11.433333333333334,0.15401003699041857
11.45,0.15164004786614085
11.466666666666667,0.14893766888643042
11.483333333333333,0.14605481330699827
11.5,0.14314706033138078
11.516666666666667,0.14036318236061862
11.533333333333333,0.13783824081271928
11.55,0.13569033284873683
11.566666666666666,0.13402050890231101
11.583333333333334,0.1329150892177243
11.6,0.13244953302244428
11.616666666666667,0.13269306129988054
11.633333333333333,0.13371330546163915
11.65,0.13558026430780137
11.666666666666666,0.1383687277932234
11.683333333333334,0.14215800708172602
11.7,0.14702726519119347
11.716666666666667,0.1530440424233865
11.733333333333333,0.16024306673753935
11.75,0.1685930897495541
11.766666666666667,0.1779532254602703
11.783333333333333,0.18802971276942052
11.8,0.19835971545510678
11.816666666666666,0.20836170126654419
11.833333333333334,0.21747519065245752
11.85,0.22533492026373536
11.866666666666667,0.23181706377049355
11.883333333333333,0.23681861521522266
11.9,0.2399187995299197
11.916666666666666,0.24034911517381005
11.933333333333334,0.23745250164020681
11.95,0.23122467954408338
11.966666666666667,0.2224219855163459
11.983333333333333,0.21221093268020402
12.0,0.20172208622638396
12.016666666666667,0.19179272904517872
12.033333333333333,0.18292546519322025
12.05,0.17536006632345708
12.066666666666666,0.16916741456640164
12.083333333333334,0.16432456735261394
12.1,0.16076324476441592
12.116666666666667,0.15839660243312922
12.133333333333333,0.1571311244766193
12.15,0.15686909032207275
12.166666666666666,0.15750538716488569
12.183333333333334,0.15892132048520954
12.2,0.1609775728022081
12.216666666666667,0.16350839105778223
12.233333333333333,0.1663191877941543
12.25,0.1691897150309744
12.266666666666667,0.17188448065860737
12.283333333333333,0.174170859582262
12.3,0.17584338845068948
12.316666666666666,0.17675044720122102
12.333333333333334,0.17681780192326488
12.35,0.17606330630289788
12.366666666666667,0.17459891913384754
12.383333333333333,0.17261958143832273
12.4,0.17038202516776482
12.416666666666666,0.16817876943620322
12.433333333333334,0.16631265939336673
12.45,0.1650756088339004
12.466666666666667,0.16473264553040035
12.483333333333333,0.16550984114157158
12.5,0.1675827596646371
12.516666666666667,0.1710609125217528
12.533333333333333,0.17596378282196232
12.55,0.18218650495882285
12.566666666666666,0.18946060111282845
12.583333333333334,0.19732949211851528
12.6,0.2051768589818659
12.616666666666667,0.21235096857793972
12.633333333333333,0.2183853554371355
12.65,0.22320680392169134
12.666666666666666,0.22711941576997474
12.683333333333334,0.23044321853835664
12.7,0.23303345429815395
12.716666666666667,0.23415728465280922
12.733333333333333,0.2329155754570589
12.75,0.2288378798767877
12.766666666666667,0.22215649152351463
12.783333333333333,0.21364724624151357
12.8,0.2042753729224591
12.816666666666666,0.19490500608488456
12.833333333333334,0.18616693896399394
12.85,0.1784508639417915
12.866666666666667,0.171955872313055
12.883333333333333,0.1667519871596128
12.9,0.1628310810448894
12.916666666666666,0.1601416279927563
12.933333333333334,0.15860875146990047
12.95,0.1581430153107203
12.966666666666667,0.15864139756914125
12.983333333333333,0.159983429503837
13.0,0.16202516702153424
13.016666666666667,0.16459360326346323
13.033333333333333,0.16748420069023287
13.05,0.17046414791857956
13.066666666666666,0.17328338188243478
13.083333333333334,0.1756940549134626
13.1,0.1774769244228136
13.116666666666667,0.17847054986558789
13.133333333333333,0.17859718131273658
13.15,0.17787896022552444
13.166666666666666,0.17644010507799762
13.183333333333334,0.1744945478085218
13.2,0.1723224246163327
13.216666666666667,0.17024118891766013
13.233333333333333,0.16857707138974273
13.25,0.1676405397441222
13.266666666666667,0.16770641924069496
13.283333333333333,0.16899652727613917
13.3,0.17166078039797264
13.316666666666666,0.17575233988298922
13.333333333333334,0.18119456668306558
13.35,0.18774443124370627
13.366666666666667,0.1949706716597873
13.383333333333333,0.20228299602866
13.4,0.2090550663484617
13.416666666666666,0.21484512809325626
13.433333333333334,0.21961000962547617
13.45,0.22369409632109422
13.466666666666667,0.22744540562962326
13.483333333333333,0.2306759679834671
13.5,0.23249979256427367
13.516666666666667,0.23180474395726036
13.533333333333333,0.22795853430676735
13.55,0.22115512722528222
13.566666666666666,0.21224061536840647
13.583333333333334,0.20229439170808264
13.6,0.19228220975577937
13.616666666666667,0.18289983539043664
13.633333333333333,0.17456623456649561
13.65,0.16748509289005087
13.666666666666666,0.16171784347037158
13.683333333333334,0.15724320214581433
13.7,0.15399760191433773
13.716666666666667,0.15189892158487636
13.733333333333333,0.15085782916737134
13.75,0.1507806746911906
13.766666666666667,0.15156699610694613
13.783333333333333,0.15310402277256252
13.8,0.15526022388644248
13.816666666666666,0.15787988762585534
13.833333333333334,0.1607807654490075
13.85,0.1637567476431483
13.866666666666667,0.16658709187286744
13.883333333333333,0.1690526926038155
13.9,0.17095822834765054
13.916666666666666,0.1721570673452966
13.933333333333334,0.17257423142880954
13.95,0.17222232851466635
13.966666666666667,0.17120664171582053
13.983333333333333,0.16971821060160272
14.0,0.16801668976102715
14.016666666666667,0.1664067245480587
14.033333333333333,0.16521174433900207
14.05,0.16474752057766356
14.066666666666666,0.16529536293418454
14.083333333333334,0.16707248829565186
14.1,0.17019594285800224
14.116666666666667,0.17463770103292603
14.133333333333333,0.18017401973013886
14.15,0.18634394590973785
14.166666666666666,0.19244962173047148
14.183333333333334,0.19764476035879788
14.2,0.2011426921012149
14.216666666666667,0.20250705276274367
14.233333333333333,0.20188744785040094
14.25,0.20002306870829623
14.266666666666667,0.19794742721594882
14.283333333333333,0.19653395678972657
14.3,0.19614359747073792
14.316666666666666,0.1965547253813548
14.333333333333334,0.19715434311027935
14.35,0.19723178276091388
14.366666666666667,0.19622366982367373
14.383333333333333,0.19384232840863486
14.4,0.19009079296758827
14.416666666666666,0.1852010036676863
14.433333333333334,0.17953866388799714
14.45,0.17351052622153623
14.466666666666667,0.16749525908641824
14.483333333333333,0.16180421442936407
14.5,0.15666813950116698
14.516666666666667,0.15224143709106258
14.533333333333333,0.14861551915133367
14.55,0.14583484870874713
14.566666666666666,0.1439116984839884
14.583333333333334,0.14283762576199804
14.6,0.1425909701954915
14.616666666666667,0.14314043550619251
14.633333333333333,0.1444452174653557
14.65,0.14645237315391352
14.666666666666666,0.14909232359786517
14.683333333333334,0.15227361842857406
14.7,0.15587838128735315
14.716666666666667,0.15976014637400004
14.733333333333333,0.16374596815022596
14.75,0.16764455731977052
14.766666666666667,0.17126157297836575
14.783333333333333,0.17442196517158448
14.8,0.1769974774263005
14.816666666666666,0.1789353736581544
14.833333333333334,0.18028255121801973
14.85,0.18119770256492002
14.866666666666667,0.18194305503725286
14.883333333333333,0.18284654857859695
14.9,0.18422667849628285
14.916666666666666,0.1862800590008684
14.933333333333334,0.18895166679638903
14.95,0.19183851232302096
14.966666666666667,0.1942005316776361
14.983333333333333,0.19513344607209335
15.0,0.19387562325842922
15.016666666666667,0.19011105520363322
15.033333333333333,0.1840940763897877
15.05,0.17652667885590873
15.066666666666666,0.1682860412471692
15.083333333333334,0.16016954533098374
15.1,0.1527575876068762
15.116666666666667,0.1463920396203528
15.133333333333333,0.14121857686583034
15.15,0.13724572160833
15.166666666666666,0.13439613018707738
15.183333333333334,0.13254325561131758
15.2,0.1315348478589141
15.216666666666667,0.13120712106473903
15.233333333333333,0.1313932293210582
15.25,0.13192878967206575
15.266666666666667,0.13265626993144083
15.283333333333333,0.13342928644808374
15.3,0.134117227626204
15.316666666666666,0.13461011232813377
15.333333333333334,0.1348232188880702
15.35,0.1347008164778823
15.366666666666667,0.13421832920485297
15.383333333333333,0.13338246315054816
15.4,0.13222917379492535
15.416666666666666,0.13081974748070788
15.433333333333334,0.12923560414305837
15.45,0.1275726142545646
15.466666666666667,0.12593572922850121
15.483333333333333,0.12443457561723346
15.5,0.12318041877441968
15.516666666666667,0.12228462562379078
15.533333333333333,0.12185849266848142
15.55,0.1220140645310286
15.566666666666666,0.12286532511204208
15.583333333333334,0.12452884345156312
15.6,0.1271225264077553
15.616666666666667,0.13076050091893124
15.633333333333333,0.1355413126357546
15.65,0.1415257851217866
15.666666666666666,0.14870074499925262
15.683333333333334,0.15692707155554553
15.7,0.16587810660086819
15.716666666666667,0.17499025872513152
15.733333333333333,0.18346925603396325
15.75,0.19040592040367152
15.766666666666667,0.19502143647802872
15.783333333333333,0.19696653654580193
15.8,0.1964998589482938
15.816666666666666,0.19439212127604263
15.833333333333334,0.19158314704671786
15.85,0.18880213525425657
15.866666666666667,0.18636419582643693
15.883333333333333,0.18419850263062554
15.9,0.1820164638011597
15.916666666666666,0.17949563736986662
15.933333333333334,0.17640491638927605
15.95,0.1726555109680008
15.966666666666667,0.16829502272857585
15.983333333333333,0.16347040403823102
16.0,0.1583817709000511
16.016666666666666,0.15324129878531487
16.033333333333335,0.1482438885639503
16.05,0.14355069264881742
16.066666666666666,0.13928337731907867
16.083333333333332,0.13552580183027357
16.1,0.13232990098303346
16.116666666666667,0.12972326987166483
16.133333333333333,0.12771678601639613
16.15,0.1263113171590533
16.166666666666668,0.12550307223864898
16.183333333333334,0.12528746786167755
16.2,0.12566154703284438
16.216666666666665,0.12662505056474044
16.233333333333334,0.12818024797020153
16.25,0.13033061895258582
16.266666666666666,0.13307846697034456
16.283333333333335,0.13642156569151973
16.3,0.1403490060183115
16.316666666666666,0.1448365381510087
16.333333333333332,0.14984188981871607
16.35,0.15530076258932646
16.366666666666667,0.16112439014592433
16.383333333333333,0.1671995391231641
16.4,0.1733914090187591
16.416666666666668,0.17954875371703163
16.433333333333334,0.18550853015973626
16.45,0.19109486051474167
16.466666666666665,0.19610580127632146
16.483333333333334,0.20028514592536606
16.5,0.20328986623829634
16.516666666666666,0.20468572622851575
16.533333333333335,0.20401658051188712
16.55,0.20096495836492456
16.566666666666666,0.19554424662224665
16.583333333333332,0.18819737080391835
16.6,0.17971348502565035
16.616666666666667,0.17100289792842002
16.633333333333333,0.16286258335913228
16.65,0.15583782415035338
16.666666666666668,0.15019728418641523
16.683333333333334,0.14598021937233172
16.7,0.14306804127413103
16.716666666666665,0.14125088553596882
16.733333333333334,0.14027813385193363
16.75,0.1398923511151816
16.766666666666666,0.13985032607303283
16.783333333333335,0.1399356163563759
16.8,0.1399660885074786
16.816666666666666,0.13979854845928538
16.833333333333332,0.13933132133656415
16.85,0.13850485342000107
16.866666666666667,0.13730012545601936
16.883333333333333,0.13573478591698446
16.9,0.13385725497118037
16.916666666666668,0.13173941794980085
16.933333333333334,0.1294687669526923
16.95,0.12714088836698384
16.966666666666665,0.12485304568947121
16.983333333333334,0.12269934253327439
17.0,0.12076765819797582
17.016666666666666,0.11913829788010609
17.033333333333335,0.11788412720333064
17.05,0.1170718684170654
17.066666666666666,0.11676420244321288
17.083333333333332,0.11702231440733701
17.1,0.11790850333170257
17.116666666666667,0.11948840923787592
17.133333333333333,0.12183224738908632
17.15,0.12501412620806668
17.166666666666668,0.12910800734693467
17.183333333333334,0.13417812055100406
17.2,0.1402607804749377
17.216666666666665,0.14733402816053567
17.233333333333334,0.1552725285153258
17.25,0.16378997947019203
17.266666666666666,0.17238281415110793
17.283333333333335,0.18030751580123128
17.3,0.1866399927947948
17.316666666666666,0.1904545911915132
17.333333333333332,0.19109777315165538
17.35,0.18843827670135382
17.366666666666667,0.18294125990050097
17.383333333333333,0.1755096809131153
17.4,0.1671918686305071
17.416666666666668,0.15891837435410736
17.433333333333334,0.15136422144823575
17.45,0.1449316316939041
17.466666666666665,0.13979914453949366
17.483333333333334,0.1359878294392777
17.5,0.13341865540439987
17.516666666666666,0.1319535969838393
17.533333333333335,0.13142203819552087
17.55,0.13163670667880045
17.566666666666666,0.13240328288784248
17.583333333333332,0.13352692866121962
17.6,0.13481798902927034
17.616666666666667,0.13609819850090846
17.633333333333333,0.13720786407542454
17.65,0.13801371406746843
17.666666666666668,0.13841647397994275
17.683333333333334,0.13835688288930365
17.7,0.1378189009885545
17.716666666666665,0.13682929192823573
17.733333333333334,0.13545347111087133
17.75,0.1337882693414215
17.766666666666666,0.13195283275837746
17.783333333333335,0.13007911205023764
17.8,0.12830327007839815
17.816666666666666,0.12675895821479352
17.833333333333332,0.12557292971890635
17.85,0.12486300473615099
17.866666666666667,0.12473804508408497
17.883333333333333,0.1252993386303721
17.9,0.12664258173466017
17.916666666666668,0.12885940306275265
17.933333333333334,0.13203700156290227
17.95,0.13625389828428414
17.966666666666665,0.14156902406895386
17.983333333333334,0.14800061003275605
18.0,0.1554913873903861
18.016666666666666,0.16385921525664665
18.033333333333335,0.17274039227628624
18.05,0.1815491395442202
18.066666666666666,0.18949762306100795
18.083333333333332,0.19572790473250493
18.1,0.19956744588922068
18.116666666666667,0.20082058106718859
18.133333333333333,0.19991436229239617
18.15,0.19775166869063399
18.166666666666668,0.1953168668404629
18.183333333333334,0.19326806916411932
18.2,0.19174819902688978
18.216666666666665,0.19046898057247413
18.233333333333334,0.18894944539994335
18.25,0.18675183056918038
18.266666666666666,0.1836238577884549
18.283333333333335,0.17953526312438528
18.3,0.17463987219520974
18.316666666666666,0.1692041108321902
18.333333333333332,0.1635344338342928
18.35,0.1579220081725594
18.366666666666667,0.15261021111002462
18.383333333333333,0.14778227191413507
18.4,0.14356290712788636
18.416666666666668,0.14002763718183076
18.433333333333334,0.13721489359904518
18.45,0.13513777867207588
18.466666666666665,0.1337937987156672
18.483333333333334,0.13317188392219984
18.5,0.13325658518071765
18.516666666666666,0.13402962784478645
18.533333333333335,0.1354691315810134
18.55,0.13754687662401963
18.566666666666666,0.140224084099618
18.583333333333332,0.14344632891937742
18.6,0.14713843835005863
18.616666666666667,0.15120053508525017
18.633333333333333,0.15550670314010395
18.65,0.15990797174615898
18.666666666666668,0.16424124481292712
18.683333333333334,0.16834522260299797
18.7,0.17208304922570025
18.716666666666665,0.17536925506620843
18.733333333333334,0.1781956170094002
18.75,0.18064716478618031
18.766666666666666,0.18289648911157683
18.783333333333335,0.18516351624698943
18.8,0.18763269667522225
18.816666666666666,0.19033556994981735
18.833333333333332,0.19303627599076975
18.85,0.19518921179571005
18.866666666666667,0.19603971373879256
18.883333333333333,0.19487700315711826
18.9,0.19133738453480637
18.916666666666668,0.1855841235146706
18.933333333333334,0.17825262734836095
18.95,0.17021110669799167
18.966666666666665,0.16229379641853564
18.983333333333334,0.15513144635556014
19.0,0.1491033895337385
19.016666666666666,0.14436898571840975
19.033333333333335,0.14092777242882404
19.05,0.13867716618380183
19.066666666666666,0.13745615528858623
19.083333333333332,0.1370743800845145
19.1,0.13733008094901267
19.116666666666667,0.13802101797956334
19.133333333333333,0.13895176969144898
19.15,0.1399397564701271
19.166666666666668,0.14082125932637235
19.183333333333334,0.14145774515520065
19.2,0.1417420489390016
19.216666666666665,0.14160348804943607
19.233333333333334,0.14101086619829847
19.25,0.13997257454270243
19.266666666666666,0.1385335274573809
19.283333333333335,0.13676930570352208
19.3,0.13477841714026814
19.316666666666666,0.13267387180935394
19.333333333333332,0.13057525458868957
19.35,0.12860221990742043
19.366666666666667,0.12686994587919231
19.383333333333333,0.125486689576117
19.4,0.1245532614210358
19.416666666666668,0.12416401053132393
19.433333333333334,0.12440876249122455
19.45,0.12537502318509358
19.466666666666665,0.12714958645900376
19.483333333333334,0.12981838146113125
19.5,0.13346289530949162
19.516666666666666,0.13815078055372482
19.533333333333335,0.14391742768828295
19.55,0.15073485845744747
19.566666666666666,0.15846555725680597
19.583333333333332,0.16680418890291995
19.6,0.17522238702777185
19.616666666666667,0.1829506858970763
19.633333333333333,0.1890464533405861
19.65,0.19258168633950826
19.666666666666668,0.19291733054110208
19.683333333333334,0.18993938455235793
19.7,0.1841097255408396
19.716666666666665,0.17629182640901853
19.733333333333334,0.16746276322561687
19.75,0.15847042356187013
19.766666666666666,0.14991812238170404
19.783333333333335,0.14216192330799995
19.8,0.1353653693961353
19.816666666666666,0.12956553164140244
19.833333333333332,0.1247276724372439
19.85,0.120782942559399
19.866666666666667,0.11765137286957149
19.883333333333333,0.11525442080950446
19.9,0.11352086344204894
19.916666666666668,0.11238874337832698
19.933333333333334,0.1118050946111635
19.95,0.11172447702826269
19.966666666666665,0.11210690681084788
19.983333333333334,0.11291551516551765
20.0,0.11411413690461861
20.016666666666666,0.1156649780609025
20.033333333333335,0.11752650786541997
20.05,0.11965174446653792
20.066666666666666,0.1219871397169717
20.083333333333332,0.12447230112035487
20.1,0.12704080257019104
20.116666666666667,0.1296223131699187
20.133333333333333,0.1321462008994184
20.15,0.13454663862998764
20.166666666666668,0.13676906106547224
20.183333333333334,0.13877761590954912
20.2,0.14056305465166385
20.216666666666665,0.142150343997071
20.233333333333334,0.1436051380205765
20.25,0.14503805788232177
20.266666666666666,0.14660533072551138
20.283333333333335,0.14850356589169317
20.3,0.15095524335696933
20.316666666666666,0.15418022982230928
20.333333333333332,0.1583485396535929
20.35,0.16351296838238827
20.366666666666667,0.16953015307749816
20.383333333333333,0.1759964831977248
20.4,0.1822458745035186
20.416666666666668,0.18746119219568028
20.433333333333334,0.19091053080338513
20.45,0.1922249468945013
20.466666666666665,0.19154927640486985
20.483333333333334,0.18943809862739858
20.5,0.18655197531920603
20.516666666666666,0.1833646429426006
20.533333333333335,0.18005262037945635
20.55,0.17656748779791392
20.566666666666666,0.17277797011079518
20.583333333333332,0.16858251199293822
20.6,0.16395965143135005
20.616666666666667,0.15896902087436499
20.633333333333333,0.1537274678807498
20.65,0.14837929728403812
20.666666666666668,0.14307093026419343
20.683333333333334,0.13793367453270142
20.7,0.13307452217461968
20.716666666666665,0.12857324287899746
20.733333333333334,0.12448367333799008
20.75,0.12083736651418985
20.766666666666666,0.11764824394485957
20.783333333333335,0.11491737041747559
20.8,0.11263735263901596
20.816666666666666,0.11079613400638526
20.833333333333332,0.10938013111597442
20.85,0.10837675862132966
20.866666666666667,0.10777644038268154
20.883333333333333,0.10757422421643771
20.9,0.10777111697361445
20.916666666666668,0.10837524326095478
20.933333333333334,0.10940290774974944
20.95,0.11087960655921754
20.966666666666665,0.11284098207212986
20.983333333333334,0.1153336366660872
21.0,0.1184155963242342
21.016666666666666,0.12215601979769042
21.033333333333335,0.12663345463796408
21.05,0.13193153366072286
21.066666666666666,0.13813053169917286
21.083333333333332,0.1452928787248516
21.1,0.15344111982162909
21.116666666666667,0.16252902335194924
21.133333333333333,0.17241192438400585
21.15,0.18283068899610203
21.166666666666668,0.19342813783107338
21.183333333333334,0.20379923563184663
21.2,0.21352047455088588
21.216666666666665,0.22205263788840443
21.233333333333334,0.22851056521910101
21.25,0.2315922381061266
21.266666666666666,0.23004504208438784
21.283333333333335,0.223483521269748
21.3,0.2127874672484249
21.316666666666666,0.1996776109822246
21.333333333333332,0.18591649754175144
21.35,0.17277176917154957
21.366666666666667,0.16091932073944767
21.383333333333333,0.1505944444542448
21.4,0.14178048489421827
21.416666666666668,0.13434542688587173
21.433333333333334,0.12811998132492444
21.45,0.12293588919732996
21.466666666666665,0.11864201916239019
21.483333333333334,0.11510939893897208
21.5,0.11223123691484609
21.516666666666666,0.10992096514841394
21.533333333333335,0.10810973052487001
21.55,0.10674396004160097
21.566666666666666,0.10578324276199239
21.583333333333332,0.10519859470823494
21.6,0.10497109633455644
21.616666666666667,0.10509086183587789
21.633333333333333,0.1055562892143405
21.65,0.10637353685004096
21.666666666666668,0.10755616971367186
21.683333333333334,0.10912491255608056
21.7,0.11110743573697597
21.716666666666665,0.11353807935723467
21.733333333333334,0.11645739047766526
21.75,0.11991130396876074
21.766666666666666,0.12394973852803653
21.783333333333335,0.12862430745462267
21.8,0.13398476765186054
21.816666666666666,0.14007376962349777
21.833333333333332,0.14691945398731943
21.85,0.154525475783535
21.866666666666667,0.16285803153064768
21.883333333333333,0.1718290506145296
21.9,0.18127316534283805
21.916666666666668,0.19091299787571187
21.933333333333334,0.20030556328328256
21.95,0.20877324971688202
21.966666666666665,0.21536218667795085
21.983333333333334,0.21892859651028318
22.0,0.2184482319851124
22.016666666666666,0.2134795915261584
22.033333333333335,0.2044844224852426
22.05,0.1927214406549024
22.066666666666666,0.17976271710534386
22.083333333333332,0.16697574421252367
22.1,0.15525697773571498
22.116666666666667,0.1450395145470625
22.133333333333333,0.13643350920505568
22.15,0.12937067307331404
22.166666666666668,0.1237027414082582
22.183333333333334,0.11925575540441097
22.2,0.11585614163014571
22.216666666666665,0.11334169134427773
22.233333333333334,0.11156515794249883
22.25,0.11039450150399867
22.266666666666666,0.10971180064085508
22.283333333333335,0.10941183415973096
22.3,0.10940082372697306
22.316666666666666,0.10959556421044579
22.333333333333332,0.10992302218408265
22.35,0.11032039405072167
22.366666666666667,0.11073555607783366
22.383333333333333,0.11112779914911831
22.4,0.11146871923981799
22.416666666666668,0.11174313155255619
22.433333333333334,0.11194989245808194
22.45,0.11210254665571649
22.466666666666665,0.11222976116454726
22.483333333333334,0.11237555285048725
22.5,0.11259934927541829
22.516666666666666,0.112975929373617
22.533333333333335,0.11359525622299511
22.55,0.11456212453850986
22.566666666666666,0.1159953856577272
22.583333333333332,0.11802626669854922
22.6,0.12079495182941552
22.616666666666667,0.12444413321908374
22.633333333333333,0.1291076945237353
22.65,0.13489220385721956
22.666666666666668,0.14184889771699297
22.683333333333334,0.14993531802258164
22.7,0.15897038742625963
22.716666666666665,0.16859599178139
22.733333333333334,0.17827024423418286
22.75,0.18732184396548238
22.766666666666666,0.19507178920366883
22.783333333333335,0.2009724769706081
22.8,0.20467347740481082
22.816666666666666,0.2059797845556774
22.833333333333332,0.2047957135040405
22.85,0.20116469681664426
22.866666666666667,0.19536353270844634
22.883333333333333,0.18791174106043
22.9,0.1794540250162201
22.916666666666668,0.17060432937967776
22.933333333333334,0.16184482341118786
22.95,0.15350038539478458
22.966666666666665,0.1457602234792423
22.983333333333334,0.13871456030033633
23.0,0.1323886487543893
23.016666666666666,0.12676847436419664
23.033333333333335,0.12181829650329834
23.05,0.11749193491166451
23.066666666666666,0.11373975315974913
23.083333333333332,0.1105128459213284
23.1,0.10776547045301105
23.116666666666667,0.10545640299548754
23.133333333333333,0.10354965420604977
23.15,0.10201481818636257
23.166666666666668,0.10082722968392563
23.183333333333334,0.09996804253053365
23.2,0.09942430493366522
23.216666666666665,0.09918908449242074
23.233333333333334,0.09926168168475999
23.25,0.09964796085158428
23.266666666666666,0.10036081890458033
23.283333333333335,0.10142080035163
23.3,0.10285684762520798
23.316666666666666,0.10470714015287974
23.333333333333332,0.10701991134776066
23.35,0.10985401950370106
23.366666666666667,0.11327885601695076
23.383333333333333,0.11737286096924203
23.4,0.12221943701564884
23.416666666666668,0.1278983910226927
23.433333333333334,0.1344702883303745
23.45,0.14195068693899082
23.466666666666665,0.1502721836119354
23.483333333333334,0.15923658182241396
23.5,0.16846990433323467
23.516666666666666,0.17740983340054572
23.533333333333335,0.1853698294550902
23.55,0.19171218116823144
23.566666666666666,0.19609457916568482
23.583333333333332,0.19864680297972398
23.6,0.1998936974824261
23.616666666666667,0.20039456824906687
23.633333333333333,0.2003460638171206
23.65,0.199479827646325
23.666666666666668,0.19731752639891253
23.683333333333334,0.19352994901269044
23.7,0.18813232041698053
23.716666666666665,0.18145675214324922
23.733333333333334,0.17400337484245426
23.75,0.1662877952979626
23.766666666666666,0.15874380066118055
23.783333333333335,0.1516858759604907
23.8,0.14531211041819234
23.816666666666666,0.13972633736338003
23.833333333333332,0.1349650713940284
23.85,0.13102183361378594
23.866666666666667,0.12786617536731032
23.883333333333333,0.1254571859423937
23.9,0.12375227685189749
23.916666666666668,0.12271226578454106
23.933333333333334,0.12230367479392949
23.95,0.12249894332645672
23.966666666666665,0.1232750483698438
23.983333333333334,0.12461086988689582
