t_h,热_核心C,热_电池C,冷_核心C,冷_电池C,冷_加热W
0.0,20.0,20.0,20.0,20.0,0.0
0.16666666666666666,20.0,19.8,19.6,19.6,0.0
0.3333333333333333,20.1,19.9,19.3,19.3,0.0
0.5,20.1,19.9,18.8,19.0,0.0
0.6666666666666666,20.2,20.0,6.9,11.4,0.0
0.8333333333333334,20.2,20.0,-3.0,4.2,3.0
1.0,20.3,20.1,-10.7,-1.8,3.0
1.1666666666666667,20.3,20.1,-11.6,-6.0,3.0
1.3333333333333333,20.3,20.1,-5.6,-2.1,3.0
1.5,20.3,20.1,-0.7,2.8,3.0
1.6666666666666667,20.3,20.1,3.4,7.2,3.0
1.8333333333333333,20.3,20.2,6.5,6.4,0.0
2.0,20.4,20.2,8.6,7.7,0.0
2.1666666666666665,20.4,20.2,3.3,6.1,0.0
2.3333333333333335,20.4,20.2,-5.8,2.5,3.0
2.5,20.4,20.2,-13.1,-4.1,3.0
2.6666666666666665,20.4,20.2,-19.1,-10.5,3.0
2.8333333333333335,20.4,20.2,-12.3,-8.7,3.0
3.0,20.4,20.2,-6.4,-3.2,3.0
3.1666666666666665,20.4,20.2,-1.4,2.0,3.0
3.3333333333333335,20.4,20.2,2.8,6.6,3.0
3.5,20.4,20.2,6.1,6.4,0.0
3.6666666666666665,20.4,20.2,7.0,7.1,0.0
3.8333333333333335,20.4,20.2,-3.0,4.3,3.0
4.0,20.4,20.2,-10.7,-1.8,3.0
4.166666666666667,20.4,20.2,-17.2,-8.4,3.0
4.333333333333333,20.4,20.2,-16.0,-11.2,3.0
4.5,20.4,20.2,-9.4,-6.3,3.0
4.666666666666667,20.4,20.2,-4.0,-0.7,3.0
4.833333333333333,20.4,20.2,0.7,4.2,3.0
5.0,20.4,20.2,4.6,7.4,0.0
5.166666666666667,20.4,20.2,7.2,6.7,0.0
5.333333333333333,20.4,20.2,0.9,5.2,3.0
5.5,20.4,20.2,-7.6,1.0,3.0
5.666666666666667,20.4,20.2,-14.6,-5.7,3.0
5.833333333333333,20.4,20.2,-19.4,-11.6,3.0
6.0,20.4,20.2,-12.2,-8.8,3.0
6.166666666666667,20.4,20.2,-6.3,-3.2,3.0
6.333333333333333,20.4,20.2,-1.3,2.1,3.0
6.5,20.4,20.2,2.9,6.6,3.0
6.666666666666667,20.4,20.2,6.2,6.4,0.0
6.833333333333333,20.4,20.2,5.7,6.6,0.0
7.0,20.4,20.2,-4.1,3.7,3.0
7.166666666666667,20.4,20.2,-11.6,-2.7,3.0
7.333333333333333,20.4,20.2,-18.0,-9.2,3.0
7.5,20.4,20.2,-15.3,-10.9,3.0
7.666666666666667,20.4,20.2,-8.9,-5.7,3.0
7.833333333333333,20.4,20.2,-3.5,-0.2,3.0
8.0,20.4,20.2,1.1,4.7,3.0
8.166666666666666,20.4,20.2,4.9,7.0,0.0
8.333333333333334,20.4,20.2,7.4,6.8,0.0
8.5,20.4,20.2,-0.2,5.2,3.0
8.666666666666666,20.4,20.2,-8.5,0.3,3.0
8.833333333333334,20.4,20.2,-15.3,-6.4,3.0
9.0,20.4,20.2,-18.6,-11.8,3.0
9.166666666666666,20.4,20.2,-11.6,-8.2,3.0
9.333333333333334,20.4,20.2,-5.8,-2.6,3.0
9.5,20.4,20.2,-0.9,2.6,3.0
9.666666666666666,20.4,20.2,3.3,7.1,3.0
9.833333333333334,20.4,20.2,6.4,6.4,0.0
10.0,20.4,20.2,4.5,6.1,0.0
10.166666666666666,20.4,20.2,-5.0,3.1,3.0
10.333333333333334,20.4,20.2,-12.4,-3.4,3.0
10.5,20.4,20.2,-18.6,-9.9,3.0
10.666666666666666,20.4,20.2,-14.5,-10.4,3.0
10.833333333333334,20.4,20.2,-8.2,-5.1,3.0
11.0,20.4,20.2,-3.0,0.4,3.0
11.166666666666666,20.4,20.2,1.5,5.2,3.0
11.333333333333334,20.4,20.2,5.2,6.7,0.0
11.5,20.4,20.2,7.7,7.0,0.0
11.666666666666666,20.4,20.2,-1.1,5.0,3.0
11.833333333333334,20.4,20.2,-9.2,-0.3,3.0
12.0,20.4,20.2,-15.9,-7.1,3.0
12.166666666666666,20.4,20.2,-17.8,-11.7,3.0
12.333333333333334,20.4,20.2,-10.9,-7.7,3.0
12.5,20.4,20.2,-5.2,-2.0,3.0
12.666666666666666,20.4,20.2,-0.4,3.1,3.0
12.833333333333334,20.4,20.2,3.7,7.5,3.0
13.0,20.4,20.2,6.7,6.5,0.0
13.166666666666666,20.4,20.2,3.3,5.5,0.0
13.333333333333334,20.4,20.2,-5.8,2.5,3.0
13.5,20.4,20.2,-13.1,-4.1,3.0
13.666666666666666,20.4,20.2,-19.3,-10.6,3.0
13.833333333333334,20.4,20.2,-13.8,-10.0,3.0
14.0,20.4,20.2,-7.6,-4.5,3.0
14.166666666666666,20.4,20.2,-2.4,0.9,3.0
14.333333333333334,20.4,20.2,2.0,5.6,3.0
14.5,20.4,20.2,5.5,6.5,0.0
14.666666666666666,20.4,20.2,7.8,7.1,0.0
14.833333333333334,20.4,20.2,-2.1,4.7,3.0
15.0,20.4,20.2,-10.0,-1.1,3.0
15.166666666666666,20.4,20.2,-16.6,-7.8,3.0
15.333333333333334,20.4,20.2,-17.0,-11.6,3.0
15.5,20.4,20.2,-10.3,-7.1,3.0
15.666666666666666,20.4,20.2,-4.7,-1.5,3.0
15.833333333333334,20.4,20.2,0.1,3.6,3.0
16.0,20.4,20.2,4.1,7.9,3.0
16.166666666666668,20.4,20.2,6.9,6.5,0.0
16.333333333333332,20.4,20.2,2.3,5.0,3.0
16.5,20.4,20.2,-6.6,1.9,3.0
16.666666666666668,20.4,20.2,-13.7,-4.8,3.0
16.833333333333332,20.4,20.2,-19.8,-11.2,3.0
17.0,20.4,20.2,-13.1,-9.5,3.0
17.166666666666668,20.4,20.2,-7.1,-3.9,3.0
17.333333333333332,20.4,20.2,-2.0,1.4,3.0
17.5,20.4,20.2,2.4,6.1,3.0
17.666666666666668,20.4,20.2,5.8,6.4,0.0
17.833333333333332,20.4,20.2,7.0,7.0,0.0
18.0,20.4,20.2,-3.0,4.3,3.0
18.166666666666668,20.4,20.2,-10.7,-1.8,3.0
18.333333333333332,20.4,20.2,-17.3,-8.4,3.0
18.5,20.4,20.2,-16.2,-11.3,3.0
18.666666666666668,20.4,20.2,-9.6,-6.5,3.0
18.833333333333332,20.4,20.2,-4.1,-0.9,3.0
19.0,20.4,20.2,0.5,4.1,3.0
19.166666666666668,20.4,20.2,4.5,7.5,0.0
19.333333333333332,20.4,20.2,7.2,6.7,0.0
19.5,20.4,20.2,1.1,5.2,3.0
19.666666666666668,20.4,20.2,-7.5,1.2,3.0
19.833333333333332,20.4,20.2,-14.4,-5.5,3.0
20.0,20.4,20.2,-19.5,-11.6,3.0
20.166666666666668,20.4,20.2,-12.4,-8.9,3.0
20.333333333333332,20.4,20.2,-6.5,-3.3,3.0
20.5,20.4,20.2,-1.5,2.0,3.0
20.666666666666668,20.4,20.2,2.8,6.5,3.0
20.833333333333332,20.4,20.2,6.1,6.4,0.0
21.0,20.4,20.2,6.0,6.7,0.0
21.166666666666668,20.4,20.2,-3.9,3.8,3.0
21.333333333333332,20.4,20.2,-11.4,-2.5,3.0
21.5,20.4,20.2,-17.8,-9.1,3.0
21.666666666666668,20.4,20.2,-15.4,-10.9,3.0
21.833333333333332,20.4,20.2,-8.9,-5.8,3.0
22.0,20.4,20.2,-3.5,-0.3,3.0
22.166666666666668,20.4,20.2,1.0,4.6,3.0
22.333333333333332,20.4,20.2,4.8,7.1,0.0
22.5,20.4,20.2,7.4,6.8,0.0
22.666666666666668,20.4,20.2,0.1,5.2,3.0
22.833333333333332,20.4,20.2,-8.3,0.5,3.0
23.0,20.4,20.2,-15.1,-6.2,3.0
23.166666666666668,20.4,20.2,-18.8,-11.8,3.0
23.333333333333332,20.4,20.2,-11.7,-8.3,3.0
23.5,20.4,20.2,-5.9,-2.7,3.0
23.666666666666668,20.4,20.2,-1.0,2.5,3.0
23.833333333333332,20.4,20.2,3.2,7.0,3.0
24.0,20.4,20.2,6.4,6.4,0.0
24.166666666666668,20.4,20.2,4.8,6.3,0.0
24.333333333333332,20.4,20.2,-4.8,3.3,3.0
24.5,20.4,20.2,-12.2,-3.2,3.0
24.666666666666668,20.4,20.2,-18.5,-9.8,3.0
24.833333333333332,20.4,20.2,-14.7,-10.6,3.0
25.0,20.4,20.2,-8.4,-5.3,3.0
25.166666666666668,20.4,20.2,-3.1,0.2,3.0
25.333333333333332,20.4,20.2,1.4,5.1,3.0
25.5,20.4,20.2,5.1,6.8,0.0
25.666666666666668,20.4,20.2,7.6,6.9,0.0
25.833333333333332,20.4,20.2,-0.9,5.1,3.0
26.0,20.4,20.2,-9.1,-0.2,3.0
26.166666666666668,20.4,20.2,-15.8,-6.9,3.0
26.333333333333332,20.4,20.2,-18.0,-11.8,3.0
26.5,20.4,20.2,-11.0,-7.8,3.0
26.666666666666668,20.4,20.2,-5.3,-2.1,3.0
26.833333333333332,20.4,20.2,-0.5,3.0,3.0
27.0,20.4,20.2,3.6,7.4,3.0
27.166666666666668,20.4,20.2,6.6,6.4,0.0
27.333333333333332,20.4,20.2,3.6,5.7,0.0
27.5,20.4,20.2,-5.6,2.6,3.0
27.666666666666668,20.4,20.2,-12.9,-4.0,3.0
27.833333333333332,20.4,20.2,-19.1,-10.4,3.0
28.0,20.4,20.2,-14.0,-10.1,3.0
28.166666666666668,20.4,20.2,-7.8,-4.7,3.0
28.333333333333332,20.4,20.2,-2.6,0.8,3.0
28.5,20.4,20.2,1.9,5.5,3.0
28.666666666666668,20.4,20.2,5.5,6.6,0.0
28.833333333333332,20.4,20.2,7.8,7.1,0.0
29.0,20.4,20.2,-1.8,4.8,3.0
29.166666666666668,20.4,20.2,-9.8,-0.9,3.0
29.333333333333332,20.4,20.2,-16.4,-7.6,3.0
29.5,20.4,20.2,-17.2,-11.6,3.0
29.666666666666668,20.4,20.2,-10.4,-7.2,3.0
29.833333333333332,20.4,20.2,-4.8,-1.6,3.0
30.0,20.4,20.2,-0.0,3.5,3.0
30.166666666666668,20.4,20.2,4.0,7.8,3.0
30.333333333333332,20.4,20.2,6.9,6.5,0.0
30.5,20.4,20.2,2.4,5.0,0.0
30.666666666666668,20.4,20.2,-6.5,2.0,3.0
30.833333333333332,20.4,20.2,-13.6,-4.7,3.0
31.0,20.4,20.2,-19.7,-11.1,3.0
31.166666666666668,20.4,20.2,-13.2,-9.6,3.0
31.333333333333332,20.4,20.2,-7.2,-4.0,3.0
31.5,20.4,20.2,-2.0,1.3,3.0
31.666666666666668,20.4,20.2,2.3,6.0,3.0
31.833333333333332,20.4,20.2,5.8,6.4,0.0
32.0,20.4,20.2,7.2,7.1,0.0
32.166666666666664,20.4,20.2,-2.8,4.4,3.0
32.333333333333336,20.4,20.2,-10.6,-1.6,3.0
32.5,20.4,20.2,-17.1,-8.3,3.0
32.666666666666664,20.4,20.2,-16.4,-11.4,3.0
32.833333333333336,20.4,20.2,-9.8,-6.6,3.0
33.0,20.4,20.2,-4.2,-1.0,3.0
33.166666666666664,20.4,20.2,0.4,4.0,3.0
33.333333333333336,20.4,20.2,4.4,7.6,0.0
33.5,20.4,20.2,7.1,6.6,0.0
33.666666666666664,20.4,20.2,1.4,5.2,3.0
33.833333333333336,20.4,20.2,-7.3,1.4,3.0
34.0,20.4,20.2,-14.3,-5.4,3.0
34.166666666666664,20.4,20.2,-19.6,-11.5,3.0
34.333333333333336,20.4,20.2,-12.5,-9.0,3.0
34.5,20.4,20.2,-6.5,-3.4,3.0
34.666666666666664,20.4,20.2,-1.5,1.9,3.0
34.833333333333336,20.4,20.2,2.7,6.5,3.0
35.0,20.4,20.2,6.1,6.4,0.0
35.166666666666664,20.4,20.2,6.2,6.8,0.0
35.333333333333336,20.4,20.2,-3.7,3.9,3.0
35.5,20.4,20.2,-11.3,-2.4,3.0
35.666666666666664,20.4,20.2,-17.7,-9.0,3.0
35.833333333333336,20.4,20.2,-15.6,-11.0,3.0
36.0,20.4,20.2,-9.1,-6.0,3.0
36.166666666666664,20.4,20.2,-3.7,-0.4,3.0
36.333333333333336,20.4,20.2,0.9,4.5,3.0
36.5,20.4,20.2,4.7,7.2,0.0
36.666666666666664,20.4,20.2,7.4,6.8,0.0
36.833333333333336,20.4,20.2,0.3,5.2,3.0
37.0,20.4,20.2,-8.1,0.7,3.0
37.166666666666664,20.4,20.2,-15.0,-6.1,3.0
37.333333333333336,20.4,20.2,-19.0,-11.7,3.0
37.5,20.4,20.2,-11.9,-8.5,3.0
37.666666666666664,20.4,20.2,-6.0,-2.9,3.0
37.833333333333336,20.4,20.2,-1.1,2.4,3.0
38.0,20.4,20.2,3.1,6.9,3.0
38.166666666666664,20.4,20.2,6.3,6.4,0.0
38.333333333333336,20.4,20.2,4.9,6.3,0.0
38.5,20.4,20.2,-4.6,3.4,3.0
38.666666666666664,20.4,20.2,-12.1,-3.1,3.0
38.833333333333336,20.4,20.2,-18.4,-9.7,3.0
39.0,20.4,20.2,-14.8,-10.6,3.0
39.166666666666664,20.4,20.2,-8.5,-5.4,3.0
39.333333333333336,20.4,20.2,-3.2,0.1,3.0
39.5,20.4,20.2,1.3,5.0,3.0
39.666666666666664,20.4,20.2,5.1,6.8,0.0
39.833333333333336,20.4,20.2,7.6,6.9,0.0
40.0,20.4,20.2,-0.7,5.1,3.0
40.166666666666664,20.4,20.2,-8.9,-0.1,3.0
40.333333333333336,20.4,20.2,-15.7,-6.8,3.0
40.5,20.4,20.2,-18.2,-11.8,3.0
40.666666666666664,20.4,20.2,-11.2,-7.9,3.0
40.833333333333336,20.4,20.2,-5.4,-2.3,3.0
41.0,20.4,20.2,-0.6,2.9,3.0
41.166666666666664,20.4,20.2,3.5,7.3,3.0
41.333333333333336,20.4,20.2,6.6,6.4,0.0
41.5,20.4,20.2,3.9,5.8,0.0
41.666666666666664,20.4,20.2,-5.4,2.8,3.0
41.833333333333336,20.4,20.2,-12.7,-3.8,3.0
42.0,20.4,20.2,-19.0,-10.3,3.0
42.166666666666664,20.4,20.2,-14.1,-10.2,3.0
42.333333333333336,20.4,20.2,-7.9,-4.8,3.0
42.5,20.4,20.2,-2.7,0.7,3.0
42.666666666666664,20.4,20.2,1.8,5.4,3.0
42.833333333333336,20.4,20.2,5.4,6.6,0.0
43.0,20.4,20.2,7.8,7.1,0.0
43.166666666666664,20.4,20.2,-1.7,4.9,3.0
43.333333333333336,20.4,20.2,-9.7,-0.8,3.0
43.5,20.4,20.2,-16.3,-7.5,3.0
43.666666666666664,20.4,20.2,-17.3,-11.7,3.0
43.833333333333336,20.4,20.2,-10.5,-7.3,3.0
44.0,20.4,20.2,-4.9,-1.7,3.0
44.166666666666664,20.4,20.2,-0.1,3.4,3.0
44.333333333333336,20.4,20.2,3.9,7.8,3.0
44.5,20.4,20.2,6.8,6.5,0.0
44.666666666666664,20.4,20.2,2.7,5.2,0.0
44.833333333333336,20.4,20.2,-6.3,2.1,3.0
45.0,20.4,20.2,-13.5,-4.5,3.0
45.166666666666664,20.4,20.2,-19.6,-10.9,3.0
45.333333333333336,20.4,20.2,-13.4,-9.7,3.0
45.5,20.4,20.2,-7.3,-4.2,3.0
45.666666666666664,20.4,20.2,-2.2,1.2,3.0
45.833333333333336,20.4,20.2,2.2,5.9,3.0
46.0,20.4,20.2,5.7,6.5,0.0
46.166666666666664,20.4,20.2,7.4,7.1,0.0
46.333333333333336,20.4,20.2,-2.6,4.5,3.0
46.5,20.4,20.2,-10.4,-1.5,3.0
46.666666666666664,20.4,20.2,-16.9,-8.1,3.0
46.833333333333336,20.4,20.2,-16.6,-11.4,3.0
47.0,20.4,20.2,-9.9,-6.7,3.0
47.166666666666664,20.4,20.2,-4.4,-1.1,3.0
47.333333333333336,20.4,20.2,0.3,3.9,3.0
47.5,20.4,20.2,4.3,7.8,0.0
47.666666666666664,20.4,20.2,7.1,6.6,0.0
47.833333333333336,20.4,20.2,1.6,5.2,3.0
