t_h,SOC,发电W,耗电W
0.0,0.8007,4.6620652032,0.78
0.16666666666666666,0.8179,6.161446390671649,0.78
0.3333333333333333,0.8316,3.426928244719352,0.78
0.5,0.839,0.0,0.78
0.6666666666666666,0.8363,0.0,0.78
0.8333333333333334,0.8337,0.0,0.78
1.0,0.831,0.0,0.78
1.1666666666666667,0.8385,6.283791272998582,0.78
1.3333333333333333,0.8547,4.247717499265515,0.78
1.5,0.8633,3.3816640526863284,0.78
1.6666666666666667,0.8773,6.131161890178182,0.78
1.8333333333333333,0.8944,4.732276690918173,0.78
2.0,0.9036,3.1351307868203584,0.78
2.1666666666666665,0.9052,0.0,0.78
2.3333333333333335,0.9025,0.0,0.78
2.5,0.8999,0.0,0.78
2.6666666666666665,0.8981,5.464055891298373,0.78
2.8333333333333335,0.9161,5.640964430924709,0.78
3.0,0.9274,3.053692105549212,0.78
3.1666666666666665,0.9374,5.008086597751712,0.78
3.3333333333333335,0.9551,5.985398168023381,0.78
3.5,0.9678,3.225929122078611,0.78
3.6666666666666665,0.974,0.0,0.78
3.8333333333333335,0.9663,0.0,0.78
4.0,0.9637,0.0,0.78
4.166666666666667,0.961,0.0,0.78
4.333333333333333,0.9707,6.306055025584564,0.78
4.5,0.986,3.922112013818713,0.78
4.666666666666667,0.9945,3.6276225322583633,0.78
4.833333333333333,1.0,6.254155517540119,0.78
5.0,1.0,4.385000430329763,0.78
5.166666666666667,1.0,3.298211006349214,0.78
5.333333333333333,0.994,0.0,3.75
5.5,0.9888,0.0,0.78
5.666666666666667,0.9861,0.0,0.78
5.833333333333333,0.9873,5.748260186046922,0.78
6.0,1.0,5.340947724522959,0.78
6.166666666666667,1.0,3.016630915792731,0.78
6.333333333333333,1.0,5.338632995719538,0.78
6.5,1.0,5.7501669774071535,0.78
6.666666666666667,1.0,3.0891578226282195,0.78
6.833333333333333,0.9992,0.0,0.78
7.0,0.9966,0.0,0.78
7.166666666666667,0.9939,0.0,0.78
7.333333333333333,0.9912,0.0,0.78
7.5,1.0,6.254795183138797,0.78
7.666666666666667,1.0,3.6295992019990555,0.78
7.833333333333333,1.0,3.919844037906532,0.78
8.0,0.9949,6.3059466338331465,9.45
8.166666666666666,1.0,4.050115242898076,0.78
8.333333333333334,1.0,3.5222864110588166,0.78
8.5,0.9977,0.0,0.78
8.666666666666666,0.9951,0.0,0.78
8.833333333333334,0.9924,0.0,0.78
9.0,0.9956,5.983886953759125,0.78
9.166666666666666,1.0,5.010569587112184,0.78
9.333333333333334,1.0,3.0531579213835967,0.78
9.5,1.0,5.638921483503603,0.78
9.666666666666666,1.0,5.466272982976182,0.78
9.833333333333334,1.0,3.0227311224551334,0.78
10.0,0.9989,0.0,0.78
10.166666666666666,0.9963,0.0,0.78
10.333333333333334,0.9936,0.0,0.78
10.5,0.991,0.0,0.78
10.666666666666666,1.0,6.13230422207814,0.78
10.833333333333334,1.0,3.3832610143301896,0.78
11.0,0.9912,4.245259647093539,9.45
11.166666666666666,0.9974,6.2842190026616835,0.78
11.333333333333334,1.0,3.742598084421503,0.78
11.5,1.0,3.7973357531968235,0.78
11.666666666666666,0.9975,0.0,0.78
11.833333333333334,0.9948,0.0,0.78
12.0,0.9922,0.0,0.78
12.166666666666666,0.9974,6.160398339022492,0.78
12.333333333333334,1.0,4.664605407232854,0.78
12.5,1.0,3.161639537533015,0.78
12.666666666666666,1.0,5.89552236168125,0.78
12.833333333333334,1.0,5.146412678829325,0.78
13.0,1.0,3.029619800171434,0.78
13.166666666666666,0.9987,0.0,0.78
13.333333333333334,0.996,0.0,0.78
13.5,0.9934,0.0,0.78
13.666666666666666,0.9907,0.0,0.78
13.833333333333334,1.0,5.944060263795712,0.78
14.0,0.9911,3.194114349398979,9.45
14.166666666666666,0.9886,4.589315908732825,0.78
14.333333333333334,1.0,6.189944341449704,0.78
14.5,1.0,3.476201939691854,0.78
14.666666666666666,0.9999,0.0,0.78
14.833333333333334,0.9972,0.0,0.78
15.0,0.9946,0.0,0.78
15.166666666666666,0.9919,0.0,0.78
15.333333333333334,0.9993,6.269900283472484,0.78
15.5,1.0,4.318527622676624,0.78
15.666666666666666,1.0,3.337224177992965,0.78
15.833333333333334,1.0,6.096959756865038,0.78
16.0,1.0,4.804891068044227,0.78
16.166666666666668,1.0,3.109515775797658,0.78
16.333333333333332,0.9984,0.0,0.78
16.5,0.9958,0.0,0.78
16.666666666666668,0.9931,0.0,0.78
16.833333333333332,0.9914,5.399748653149215,0.78
17.0,0.9948,5.698482078509843,9.45
17.166666666666668,0.9945,3.0706183488647216,0.78
17.333333333333332,1.0,4.9366257122082065,0.78
17.5,1.0,6.0273388636544505,0.78
17.666666666666668,1.0,3.2628407524552725,0.78
17.833333333333332,0.9996,0.0,0.78
18.0,0.9969,0.0,0.78
18.166666666666668,0.9943,0.0,0.78
18.333333333333332,0.9916,0.0,0.78
18.5,1.0,6.307495569067176,0.78
18.666666666666668,1.0,3.9878137519382664,0.78
18.833333333333332,1.0,3.572059230890067,0.78
19.0,1.0,6.234224853266642,0.78
19.166666666666668,1.0,4.456981904913072,0.78
19.333333333333332,1.0,3.2588458889184397,0.78
19.5,0.9981,0.0,0.78
19.666666666666668,0.9955,0.0,0.78
19.833333333333332,0.9928,0.0,0.78
20.0,0.993,5.692552073998754,0.78
20.166666666666668,1.0,5.406552575480519,0.78
20.333333333333332,1.0,3.018296082157463,0.78
20.5,1.0,5.271656439863797,0.78
20.666666666666668,1.0,5.803674718492772,0.78
20.833333333333332,1.0,3.112056602177388,0.78
21.0,0.9993,0.0,0.78
21.166666666666668,0.9967,0.0,0.78
21.333333333333332,0.994,0.0,0.78
21.5,0.9914,0.0,0.78
21.666666666666668,1.0,6.271502834696219,0.78
21.833333333333332,1.0,3.687254198445155,0.78
22.0,1.0,3.855642248402952,0.78
22.166666666666668,1.0,6.301178790886803,0.78
22.333333333333332,1.0,4.118244612048823,0.78
22.5,1.0,3.470931699914726,0.78
22.666666666666668,0.9977,0.0,0.78
22.833333333333332,0.9951,0.0,0.78
23.0,0.9924,0.0,0.78
23.166666666666668,0.9946,5.939269382670148,0.78
23.333333333333332,1.0,5.081327618111702,0.78
23.5,1.0,3.039487540131254,0.78
23.666666666666668,1.0,5.579424626955502,0.78
23.833333333333332,1.0,5.528954761096788,0.78
24.0,1.0,3.0305929568841465,0.78
24.166666666666668,0.9989,0.0,0.78
24.333333333333332,0.9963,0.0,0.78
24.5,0.9936,0.0,0.78
24.666666666666668,0.991,0.0,0.78
24.833333333333332,1.0,6.163531771119213,0.78
25.0,1.0,3.430290784399019,0.78
25.166666666666668,1.0,4.175290644147197,0.78
25.333333333333332,1.0,6.294827211653265,0.78
25.5,1.0,3.8038284216447615,0.78
25.666666666666668,1.0,3.7362881675366513,0.78
25.833333333333332,0.9975,0.0,0.78
26.0,0.9948,0.0,0.78
26.166666666666668,0.9922,0.0,0.78
26.333333333333332,0.9964,6.128866725277509,0.78
26.5,1.0,4.737352131033825,0.78
26.666666666666668,1.0,3.1332449844528143,0.78
26.833333333333332,1.0,5.846166062024541,0.78
27.0,1.0,5.2154651982420495,0.78
27.166666666666668,1.0,3.0220930873457204,0.78
27.333333333333332,0.9987,0.0,0.78
27.5,0.996,0.0,0.78
27.666666666666668,0.9934,0.0,0.78
27.833333333333332,0.9907,0.0,0.78
28.0,1.0,5.98841113131595,0.78
28.166666666666668,1.0,3.228415596755059,0.78
28.333333333333332,1.0,4.516708892152228,0.78
28.5,1.0,6.215454175073587,0.78
28.666666666666668,1.0,3.527794861540015,0.78
28.833333333333332,0.9999,0.0,0.78
29.0,0.9896,0.0,3.75
29.166666666666668,0.987,0.0,0.78
29.333333333333332,0.9843,0.0,0.78
29.5,0.9907,6.252864804657829,0.78
29.666666666666668,1.0,4.390009612409974,0.78
29.833333333333332,1.0,3.2953753329791473,0.78
30.0,1.0,6.059951359022917,0.78
30.166666666666668,1.0,4.877226116520446,0.78
30.333333333333332,1.0,3.0869371303228452,0.78
30.5,0.9984,0.0,0.78
30.666666666666668,0.9958,0.0,0.78
30.833333333333332,0.9931,0.0,0.78
31.0,0.9914,5.333998706270054,0.78
31.166666666666668,1.0,5.753972775817007,0.78
31.333333333333332,1.0,3.090657030544192,0.78
31.5,1.0,4.864627860784164,0.78
31.666666666666668,1.0,6.066609454338858,0.78
31.833333333333332,1.0,3.302488886315185,0.78
32.0,0.9892,0.0,9.45
32.166666666666664,0.9762,0.0,0.78
32.333333333333336,0.9736,0.0,0.78
32.5,0.9709,0.0,0.78
32.666666666666664,0.9804,6.305718097080402,0.78
32.833333333333336,0.9961,4.054834143004445,0.78
33.0,1.0,3.5186276855373273,0.78
33.166666666666664,1.0,6.2112194711690565,0.78
33.333333333333336,1.0,4.529364466798579,0.78
33.5,1.0,3.2222250878403793,0.78
33.666666666666664,0.9981,0.0,0.78
33.833333333333336,0.9955,0.0,0.78
34.0,0.9928,0.0,0.78
34.166666666666664,0.993,5.63482860915291,0.78
34.333333333333336,1.0,5.4707014110815715,0.78
34.5,1.0,3.0231760150473197,0.78
34.666666666666664,1.0,5.203487688901972,0.78
34.833333333333336,1.0,5.8549497810303235,0.78
35.0,0.9909,3.137986778107248,9.45
35.166666666666664,0.9864,0.0,0.78
35.333333333333336,0.9837,0.0,0.78
35.5,0.9811,0.0,0.78
35.666666666666664,0.9784,0.0,0.78
35.833333333333336,0.9901,6.285062862809582,0.78
36.0,1.0,3.746815660797135,0.78
36.166666666666664,1.0,3.7930176034551297,0.78
36.333333333333336,1.0,6.293205286375757,0.78
36.5,1.0,4.187437546763444,0.78
36.666666666666664,1.0,3.4219065228057346,0.78
36.833333333333336,0.9979,0.0,0.78
37.0,0.9952,0.0,0.78
37.166666666666664,0.9926,0.0,0.78
37.333333333333336,0.9947,5.892153946650289,0.78
37.5,1.0,5.151265685553409,0.78
37.666666666666664,1.0,3.028990480660466,0.78
37.833333333333336,1.0,5.518133664210098,0.78
38.0,0.9947,5.58994113838766,9.45
38.166666666666664,0.9941,3.0416455084868703,0.78
38.333333333333336,0.9988,0.0,0.78
38.5,0.9961,0.0,0.78
38.666666666666664,0.9935,0.0,0.78
38.833333333333336,0.9908,0.0,0.78
39.0,1.0,6.191822858829222,0.78
39.166666666666664,1.0,3.47972957110977,0.78
39.333333333333336,1.0,4.106273640199798,0.78
39.5,1.0,6.302242181046248,3.75
39.666666666666664,1.0,3.866737237214315,0.78
39.833333333333336,1.0,3.6770511506393784,0.78
40.0,0.9976,0.0,0.78
40.166666666666664,0.995,0.0,0.78
40.333333333333336,0.9923,0.0,0.78
40.5,0.9965,6.0944664456281625,0.78
40.666666666666664,1.0,4.809951614025684,0.78
40.833333333333336,1.0,3.1078403890249717,0.78
41.0,0.9935,5.794493982277679,9.45
41.166666666666664,0.9995,5.283435417375318,0.78
41.333333333333336,1.0,3.017773715132928,0.78
41.5,0.9988,0.0,0.78
41.666666666666664,0.9962,0.0,0.78
41.833333333333336,0.9935,0.0,0.78
42.0,0.9908,0.0,0.78
42.166666666666664,1.0,6.03016802597476,0.78
42.333333333333336,1.0,3.265520673861049,0.78
42.5,1.0,4.444386153087864,0.78
42.666666666666664,1.0,6.237926001228327,0.78
42.833333333333336,1.0,3.581606108503384,0.78
43.0,1.0,3.9762482253403633,0.78
43.166666666666664,0.9973,0.0,0.78
43.333333333333336,0.9947,0.0,0.78
43.5,0.992,0.0,0.78
43.666666666666664,0.9984,6.232718153330267,0.78
43.833333333333336,1.0,4.462023669083291,0.78
44.0,1.0,3.2561993626341437,0.78
44.166666666666664,1.0,6.020209075039401,0.78
44.333333333333336,1.0,4.949140368613032,0.78
44.5,1.0,3.067439008101967,0.78
44.666666666666664,0.9985,0.0,0.78
44.833333333333336,0.9959,0.0,0.78
45.0,0.9932,0.0,0.78
45.166666666666664,0.9906,0.0,0.78
45.333333333333336,1.0,5.807327998094226,0.78
45.5,1.0,3.113768960361793,0.78
45.666666666666664,1.0,4.792233851747411,0.78
45.833333333333336,1.0,6.103133137453452,0.78
46.0,1.0,3.3447959826631513,0.78
46.166666666666664,0.9997,0.0,0.78
46.333333333333336,0.9971,0.0,0.78
46.5,0.9944,0.0,0.78
46.666666666666664,0.9918,0.0,0.78
46.833333333333336,1.0,6.300726085877306,0.78
47.0,1.0,4.1230421133117305,0.78
47.166666666666664,1.0,3.4674323938094447,0.78
47.333333333333336,1.0,6.185184363534492,0.78
47.5,1.0,4.602006555329148,0.78
47.666666666666664,1.0,3.188420223468475,0.78
47.833333333333336,0.9981,0.0,0.78
48.0,0.9955,0.0,0.78
48.166666666666664,0.9928,0.0,0.78
48.333333333333336,0.9921,5.575202682949029,0.78
48.5,1.0,5.5332687736041875,0.78
48.666666666666664,1.0,3.0312611706372614,0.78
48.833333333333336,1.0,5.134260062420037,0.78
49.0,1.0,5.9038918849059465,0.78
49.166666666666664,1.0,3.166897638027295,0.78
49.333333333333336,0.9993,0.0,0.78
49.5,0.9967,0.0,0.78
49.666666666666664,0.994,0.0,0.78
49.833333333333336,0.9914,0.0,0.78
50.0,1.0,6.295448747742084,0.78
50.166666666666664,1.0,3.8081671029908075,0.78
50.333333333333336,1.0,3.7320925798815283,0.78
50.5,1.0,6.282041714312001,0.78
50.666666666666664,1.0,4.257558724430366,0.78
50.833333333333336,1.0,3.375306759680094,0.78
51.0,0.9979,0.0,0.78
51.166666666666664,0.9952,0.0,0.78
51.333333333333336,0.9926,0.0,0.78
51.5,0.9938,5.842632790712255,0.78
51.666666666666664,1.0,5.22024700954824,0.78
51.833333333333336,1.0,3.0216872723722075,0.78
52.0,1.0,5.455168463765225,0.78
52.166666666666664,1.0,5.649112842037492,0.78
52.333333333333336,1.0,3.055867161470398,0.78
52.5,0.9991,0.0,0.78
52.666666666666664,0.9888,0.0,0.78
52.833333333333336,0.9862,0.0,0.78
53.0,0.9835,0.0,0.78
53.166666666666664,0.9963,6.217122155514616,0.78
53.333333333333336,1.0,3.5314806856059997,0.78
53.5,1.0,4.0383436137900635,0.78
53.666666666666664,1.0,6.30644940917182,0.78
53.833333333333336,1.0,3.9312014985510464,0.78
54.0,1.0,3.6197405540418983,0.78
54.166666666666664,0.9976,0.0,0.78
54.333333333333336,0.995,0.0,0.78
54.5,0.9923,0.0,0.78
54.666666666666664,0.9956,6.057264777690304,0.78
54.833333333333336,1.0,4.882261871312452,0.78
55.0,1.0,3.0854754357470893,0.78
55.166666666666664,1.0,5.740607179012493,0.78
55.333333333333336,1.0,5.350190404917563,0.78
55.5,1.0,3.016670131053469,0.78
55.666666666666664,0.9988,0.0,0.78
55.833333333333336,0.9962,0.0,0.78
56.0,0.9802,0.0,9.45
56.166666666666664,0.9673,0.0,0.78
56.333333333333336,0.9831,6.069249282612827,0.78
56.5,0.9962,3.305357013250953,0.78
56.666666666666664,1.0,4.372489135199639,0.78
56.833333333333336,1.0,6.257315871117488,0.78
57.0,1.0,3.637530440379306,0.78
57.166666666666664,1.0,3.910789877498127,0.78
57.333333333333336,0.9973,0.0,0.78
57.5,0.9947,0.0,0.78
57.666666666666664,0.992,0.0,0.78
57.833333333333336,0.9983,6.20949973087498,0.78
58.0,1.0,4.53442895273569,0.78
58.166666666666664,1.0,3.2197728845293923,0.78
58.333333333333336,1.0,5.977810630041786,0.78
58.5,1.0,5.02049317955178,0.78
58.666666666666664,1.0,3.0510595421731823,0.78
58.833333333333336,0.9985,0.0,0.78
59.0,0.9826,0.0,9.45
59.166666666666664,0.9696,0.0,0.78
59.333333333333336,0.967,0.0,0.78
59.5,0.9848,5.858443396999433,0.78
59.666666666666664,0.9969,3.139908937651964,0.78
59.833333333333336,1.0,4.719585268142602,0.78
60.0,1.0,6.136838482581181,0.78
60.166666666666664,1.0,3.3896793002945995,0.78
60.333333333333336,0.9997,0.0,0.78
60.5,0.9971,0.0,0.78
60.666666666666664,0.9944,0.0,0.78
60.833333333333336,0.9918,0.0,0.78
61.0,1.0,6.292529298477707,0.78
61.166666666666664,1.0,4.192304266571762,0.78
61.333333333333336,1.0,3.418573479810208,0.78
61.5,1.0,6.156170447971406,0.78
61.666666666666664,1.0,4.674766102283926,0.78
61.833333333333336,1.0,3.157497408947802,0.78
62.0,0.985,0.0,9.45
62.166666666666664,0.9706,0.0,0.78
62.333333333333336,0.9679,0.0,0.78
62.5,0.9671,5.513790907525109,0.78
62.666666666666664,0.985,5.594132298258786,0.78
62.833333333333336,0.9962,3.042535736556067,0.78
63.0,1.0,5.0641089508772605,0.78
63.166666666666664,1.0,5.950405312640103,3.75
63.333333333333336,1.0,3.198732640137652,0.78
63.5,0.9995,0.0,0.78
63.666666666666664,0.9968,0.0,0.78
63.833333333333336,0.9942,0.0,0.78
64.0,0.9915,0.0,0.78
64.16666666666667,1.0,6.3026401775199865,0.78
64.33333333333333,1.0,3.8711885382469355,0.78
64.5,1.0,3.672986330502214,0.78
64.66666666666667,1.0,6.267709907614351,0.78
64.83333333333333,1.0,4.328471007046575,0.78
65.0,0.9903,3.3312235470341975,9.45
65.16666666666667,0.979,0.0,0.78
65.33333333333333,0.9763,0.0,0.78
65.5,0.9737,0.0,0.78
65.66666666666667,0.9748,5.790802764804348,0.78
65.83333333333333,0.9926,5.288136681337775,0.78
66.0,1.0,3.0175921983608807,0.78
66.16666666666667,1.0,5.39065216847352,0.78
66.33333333333333,1.0,5.706354148244387,0.78
66.5,1.0,3.0732301021391444,0.78
66.66666666666667,0.9992,0.0,0.78
66.83333333333333,0.9966,0.0,0.78
67.0,0.9939,0.0,0.78
67.16666666666667,0.9912,0.0,0.78
67.33333333333333,1.0,6.239380182613566,0.78
67.5,1.0,3.5854429167453588,0.78
67.66666666666667,1.0,3.971633417623502,0.78
67.83333333333333,1.0,6.307440667832989,0.78
68.0,1.0,3.9970951310458425,0.78
68.16666666666667,1.0,3.564468461725542,0.78
68.33333333333333,0.9977,0.0,0.78
68.5,0.9951,0.0,0.78
68.66666666666667,0.9924,0.0,0.78
68.83333333333333,0.9956,6.017334477835395,0.78
69.0,1.0,4.954141483645171,0.78
69.16666666666667,1.0,3.066193864401244,0.78
69.33333333333333,1.0,5.684611040199267,0.78
69.5,1.0,5.415599606220574,0.78
69.66666666666667,1.0,3.0187844934184516,0.78
69.83333333333333,0.9989,0.0,0.78
70.0,0.9963,0.0,0.78
70.16666666666667,0.9936,0.0,0.78
70.33333333333333,0.991,0.0,0.78
70.5,1.0,6.105578468893032,0.78
70.66666666666667,1.0,3.347846705850606,0.78
70.83333333333333,1.0,4.301158449552346,0.78
71.0,1.0,6.273585863415111,0.78
71.16666666666667,1.0,3.6954584843442193,0.78
71.33333333333333,1.0,3.8468008204080446,0.78
71.5,0.9975,0.0,0.78
71.66666666666667,0.9948,0.0,0.78
71.83333333333333,0.9922,0.0,0.78
72.0,0.9975,6.183254946228244,0.78
72.16666666666667,1.0,4.607083858272399,0.78
72.33333333333333,1.0,3.186167138975306,0.78
72.5,1.0,5.932838943887822,0.78
72.66666666666667,1.0,5.091145002593083,0.78
72.83333333333333,1.0,3.037830766328886,0.78
73.0,0.9985,0.0,0.78
73.16666666666667,0.9959,0.0,0.78
73.33333333333333,0.9932,0.0,0.78
73.5,0.9906,0.0,0.78
73.66666666666667,1.0,5.90721900467753,0.78
73.83333333333333,1.0,3.169025839709636,0.78
74.0,1.0,4.646824190893196,0.78
74.16666666666667,1.0,6.167659571209619,0.78
74.33333333333333,1.0,3.4370510596149306,0.78
74.5,0.9997,0.0,0.78
74.66666666666667,0.9971,0.0,0.78
74.83333333333333,0.9944,0.0,0.78
75.0,0.9918,0.0,0.78
75.16666666666667,0.9992,6.281143765574365,0.78
75.33333333333333,1.0,4.262485144800252,0.78
75.5,1.0,3.3721464983223255,0.78
75.66666666666667,1.0,6.124234467828558,0.78
75.83333333333333,1.0,4.74750080972524,0.78
76.0,1.0,3.1295171209156876,0.78
76.16666666666667,0.9958,0.0,3.75
76.33333333333333,0.9886,0.0,0.78
76.5,0.9859,0.0,0.78
76.66666666666667,0.9842,5.450713387655814,0.78
76.83333333333333,1.0,5.653172952500496,0.78
77.0,1.0,3.056977662811048,0.78
77.16666666666667,1.0,4.993171550819191,0.78
77.33333333333333,1.0,5.9943990965850045,0.78
77.5,1.0,3.233429523809499,0.78
77.66666666666667,0.9995,0.0,0.78
77.83333333333333,0.9928,0.0,0.78
78.0,0.9901,0.0,0.78
78.16666666666667,0.9875,0.0,0.78
78.33333333333333,0.9971,6.306623087657336,0.78
78.5,1.0,3.935756713732848,0.78
78.66666666666667,1.0,3.6158144511082906,0.78
78.83333333333333,1.0,6.250237895409177,0.78
79.0,1.0,4.400035709422372,0.78
79.16666666666667,1.0,3.289743099674323,0.78
79.33333333333333,0.998,0.0,0.78
79.5,0.9954,0.0,0.78
79.66666666666667,0.9927,0.0,0.78
79.83333333333333,0.9929,5.736765234398238,0.78
80.0,0.9945,5.354801927139198,9.45
80.16666666666667,0.9946,3.0167132674804558,0.78
80.33333333333333,1.0,5.324710954708399,0.78
80.5,1.0,5.761553108540222,0.78
80.66666666666667,1.0,3.0937003732908934,0.78
80.83333333333333,0.9992,0.0,0.78
81.0,0.9966,0.0,0.78
81.16666666666667,0.9939,0.0,0.78
81.33333333333333,0.9912,0.0,0.78
81.5,1.0,6.2585534094626,0.78
81.66666666666667,1.0,3.6415107290410846,0.78
81.83333333333333,1.0,3.9062735187485313,0.78
82.0,1.0,6.3052140183966925,0.78
82.16666666666667,1.0,4.064289264627322,0.78
82.33333333333333,1.0,3.5113429709102184,0.78
82.5,0.9977,0.0,0.78
82.66666666666667,0.9951,0.0,0.78
82.83333333333333,0.9924,0.0,0.78
83.0,0.9823,5.974753638898778,9.45
83.16666666666667,0.9895,5.025449873999613,0.78
83.33333333333333,0.9993,3.050033384510823,0.78
83.5,1.0,5.626615079096457,0.78
83.66666666666667,1.0,5.479535098628977,0.78
83.83333333333333,1.0,3.024112667108615,0.78
84.0,0.9989,0.0,0.78
84.16666666666667,0.9963,0.0,0.78
84.33333333333333,0.9936,0.0,0.78
84.5,0.991,0.0,0.78
84.66666666666667,1.0,6.13908453478138,0.78
84.83333333333333,1.0,3.3929066533467043,0.78
85.0,1.0,4.230533599618509,0.78
85.16666666666667,1.0,6.2867041584295285,0.78
85.33333333333333,1.0,3.7552769488572264,0.78
85.5,1.0,3.78440619930862,0.78
85.66666666666667,0.9975,0.0,0.78
85.83333333333333,0.9948,0.0,0.78
86.0,0.9789,0.0,9.45
86.16666666666667,0.9723,6.15403512706988,0.78
86.33333333333333,0.9894,4.679846292405993,0.78
86.5,0.9985,3.1554478496945664,0.78
86.66666666666667,1.0,5.885381968996973,0.78
86.83333333333333,1.0,5.16095766193552,0.78
87.0,1.0,3.0277785524662963,0.78
87.16666666666667,0.9987,0.0,0.78
87.33333333333333,0.996,0.0,0.78
87.5,0.9934,0.0,0.78
87.66666666666667,0.9907,0.0,0.78
87.83333333333333,1.0,5.953559429270371,0.78
88.0,1.0,3.2010627217724092,0.78
88.16666666666667,1.0,4.574092920929706,0.78
88.33333333333333,1.0,6.195536125649687,3.75
88.5,1.0,3.486818614312598,0.78
88.66666666666667,0.9999,0.0,0.78
88.83333333333333,0.9972,0.0,0.78
89.0,0.9813,0.0,9.45
89.16666666666667,0.9668,0.0,0.78
89.33333333333333,0.9742,6.266591754181288,0.78
89.5,0.9906,4.333447493236083,0.78
89.66666666666667,0.9994,3.3282422479281766,0.78
89.83333333333333,1.0,6.08943888122041,0.78
90.0,1.0,4.820068428294769,0.78
90.16666666666667,1.0,3.1045340812258155,0.78
90.33333333333333,0.9984,0.0,0.78
90.5,0.9958,0.0,0.78
90.66666666666667,0.9931,0.0,0.78
90.83333333333333,0.9914,5.386093485860111,0.78
91.0,1.0,5.710275268824519,0.78
91.16666666666667,1.0,3.074558704911851,0.78
91.33333333333333,1.0,4.921586596558432,0.78
91.5,1.0,6.035787196832656,0.78
91.66666666666667,1.0,3.2709204313499725,0.78
91.83333333333333,0.9996,0.0,0.78
92.0,0.9969,0.0,0.78
92.16666666666667,0.9943,0.0,0.78
92.33333333333333,0.9916,0.0,0.78
92.5,1.0,6.307389688662275,0.78
92.66666666666667,1.0,4.00174535161154,0.78
92.83333333333333,1.0,3.560688754387868,0.78
93.0,1.0,6.229659848213035,0.78
93.16666666666667,1.0,4.472112870411981,0.78
93.33333333333333,1.0,3.250946542103853,0.78
93.5,0.9981,0.0,0.78
93.66666666666667,0.9955,0.0,0.78
93.83333333333333,0.9928,0.0,0.78
94.0,0.993,5.680625882245627,0.78
94.16666666666667,1.0,5.42011236781481,0.78
94.33333333333333,1.0,3.0190521986813224,0.78
94.5,1.0,5.257473785597302,0.78
94.66666666666667,1.0,5.814601768731488,0.78
94.83333333333333,1.0,3.1172379406278736,0.78
95.0,0.9993,0.0,0.78
95.16666666666667,0.9967,0.0,0.78
95.33333333333333,0.994,0.0,0.78
95.5,0.9914,0.0,0.78
95.66666666666667,1.0,6.274604338430777,0.78
95.83333333333333,1.0,3.6995744690608445,0.78
96.0,1.0,3.8423917433983545,0.78
96.16666666666667,1.0,6.299773815585248,0.78
96.33333333333333,1.0,4.132652485796741,0.78
96.5,1.0,3.460467980645565,0.78
96.66666666666667,0.9979,0.0,0.78
96.83333333333333,0.9952,0.0,0.78
97.0,0.9926,0.0,0.78
97.16666666666667,0.9948,5.929605537451275,0.78
97.33333333333333,1.0,5.096047582506783,0.78
97.5,1.0,3.0370256015909307,0.78
97.66666666666667,1.0,5.56673272007246,0.78
97.83333333333333,1.0,5.5418718416622506,0.78
98.0,1.0,3.0326442316614997,0.78
98.16666666666667,0.9989,0.0,0.78
98.33333333333333,0.9963,0.0,0.78
98.5,0.9936,0.0,0.78
98.66666666666667,0.991,0.0,0.78
98.83333333333333,1.0,6.169701951501578,0.78
99.0,1.0,3.440448730704542,0.78
99.16666666666667,1.0,4.1607527084474745,0.78
99.33333333333333,1.0,6.2966451003340556,0.78
99.5,1.0,3.816868845227614,0.78
99.66666666666667,1.0,3.7237280411540645,0.78
99.83333333333333,0.9929,0.0,3.75
100.0,0.9893,0.0,0.78
100.16666666666667,0.9866,0.0,0.78
100.33333333333333,0.9909,6.121897419440228,0.78
100.5,1.0,4.7525739515522565,0.78
100.66666666666667,1.0,3.12767509528434,0.78
100.83333333333333,1.0,5.835532518339322,0.78
101.0,1.0,5.229794622954239,0.78
101.16666666666667,1.0,3.0209225599890464,0.78
101.33333333333333,0.9972,0.0,3.75
101.5,0.99,0.0,0.78
101.66666666666667,0.9873,0.0,0.78
101.83333333333333,0.9847,0.0,0.78
102.0,1.0,5.997374041477393,0.78
102.16666666666667,1.0,3.2359569283890317,0.78
102.33333333333333,1.0,4.501533700887689,0.78
102.5,1.0,6.220413626922473,0.78
102.66666666666667,1.0,3.5388846325501606,0.78
102.83333333333333,0.9999,0.0,0.78
103.0,0.9972,0.0,0.78
103.16666666666667,0.9946,0.0,0.78
103.33333333333333,0.9919,0.0,0.78
103.5,0.9983,6.248901724085503,0.78
103.66666666666667,1.0,4.405052528774403,0.78
103.83333333333333,1.0,3.2869465934324205,0.78
104.0,0.9941,6.051851738875993,9.45
104.16666666666667,1.0,4.8923270354147,0.78
104.33333333333333,1.0,3.082597149927118,0.78
104.5,0.9984,0.0,0.78
104.66666666666667,0.9958,0.0,0.78
104.83333333333333,0.9931,0.0,0.78
105.0,0.9904,0.0,0.78
105.16666666666667,1.0,5.765327570589241,0.78
105.33333333333333,1.0,3.09524447910902,0.78
105.5,1.0,4.8494940888479565,0.78
105.66666666666667,1.0,6.074488669485577,0.78
105.83333333333333,1.0,3.311132040713406,0.78
106.0,0.9996,0.0,0.78
106.16666666666667,0.9969,0.0,0.78
106.33333333333333,0.9943,0.0,0.78
106.5,0.9916,0.0,0.78
106.66666666666667,1.0,6.304938481271179,0.78
106.83333333333333,1.0,4.06902539600687,0.78
107.0,0.9904,3.507717051250775,9.45
107.16666666666667,0.9946,6.206016011104403,0.78
107.33333333333333,1.0,4.544561526639575,0.78
107.5,1.0,3.2149097498657504,0.78
107.66666666666667,0.9981,0.0,0.78
107.83333333333333,0.9955,0.0,0.78
108.0,0.9928,0.0,0.78
108.16666666666667,0.993,5.622494501691405,0.78
108.33333333333333,1.0,5.483940273858234,0.78
108.5,1.0,3.0246044176484914,0.78
108.66666666666667,1.0,5.1890721588047946,0.78
108.83333333333333,1.0,5.865396380028404,0.78
109.0,1.0,3.143796771052987,0.78
109.16666666666667,0.9993,0.0,0.78
109.33333333333333,0.9967,0.0,0.78
109.5,0.994,0.0,0.78
109.66666666666667,0.9914,0.0,0.78
109.83333333333333,1.0,6.287501578254879,0.78
110.0,0.9922,3.7595205798790596,9.45
110.16666666666667,0.9889,3.780113026997504,0.78
110.33333333333333,1.0,6.2911306989596865,0.78
110.5,1.0,4.202051094637149,0.78
110.66666666666667,1.0,3.4119429886125996,0.78
110.83333333333333,0.9979,0.0,0.78
111.0,0.9952,0.0,0.78
111.16666666666667,0.9926,0.0,0.78
111.33333333333333,0.9947,5.88197847093281,0.78
111.5,1.0,5.165796539198604,0.78
111.66666666666667,1.0,3.0271959553365706,0.78
111.83333333333333,1.0,5.505081076778319,0.78
112.0,1.0,5.60248792155999,3.75
112.16666666666667,1.0,3.0443625016510425,0.78
112.33333333333333,0.9991,0.0,0.78
112.5,0.9964,0.0,0.78
112.66666666666667,0.9938,0.0,0.78
112.83333333333333,0.9911,0.0,0.78
113.0,0.9916,6.197370839691554,9.45
113.16666666666667,0.9937,3.49037995851669,0.78
113.33333333333333,1.0,4.0919522485341675,0.78
113.5,1.0,6.303389247342827,0.78
113.66666666666667,1.0,3.8801137164130073,0.78
113.83333333333333,1.0,3.6648850159626516,0.78
114.0,0.9976,0.0,0.78
114.16666666666667,0.995,0.0,0.78
114.33333333333333,0.9923,0.0,0.78
114.5,0.9965,6.086904675977993,0.78
114.66666666666667,1.0,4.825124600137418,0.78
114.83333333333333,1.0,3.1029031917188346,0.78
115.0,1.0,5.783388083918598,0.78
115.16666666666667,1.0,5.29752125922565,0.78
115.33333333333333,1.0,3.017276197358721,0.78
115.5,0.9988,0.0,0.78
115.66666666666667,0.9962,0.0,0.78
115.83333333333333,0.9935,0.0,0.78
116.0,0.9908,0.0,0.78
116.16666666666667,1.0,6.038577151801914,0.78
116.33333333333333,1.0,3.273640215956489,0.78
116.5,1.0,4.429288436919698,0.78
116.66666666666667,1.0,6.2422434213835585,0.78
116.83333333333333,1.0,3.593147287318958,0.78
117.0,1.0,3.9624235920637054,0.78
117.16666666666667,0.9973,0.0,0.78
117.33333333333333,0.9947,0.0,0.78
117.5,0.992,0.0,0.78
117.66666666666667,0.9984,6.228108272187418,0.78
117.83333333333333,1.0,4.477160211388703,0.78
118.0,1.0,3.248340297933716,0.78
118.16666666666667,1.0,6.01154655105015,0.78
118.33333333333333,1.0,4.964135312849798,0.78
118.5,1.0,3.063749229706781,0.78
118.66666666666667,0.9985,0.0,0.78
118.83333333333333,0.9959,0.0,0.78
119.0,0.9932,0.0,0.78
119.16666666666667,0.9906,0.0,0.78
119.33333333333333,1.0,5.818222190425453,0.78
119.5,1.0,3.1189945296392825,0.78
119.66666666666667,1.0,4.7770350210776105,0.78
119.83333333333333,1.0,6.11042782496111,0.78
120.0,1.0,3.353985708899364,0.78
120.16666666666667,0.9997,0.0,0.78
120.33333333333333,0.9971,0.0,0.78
120.5,0.9944,0.0,0.78
120.66666666666667,0.9918,0.0,0.78
120.83333333333333,1.0,6.29927425938081,0.78
121.0,1.0,4.137465265401846,0.78
121.16666666666667,1.0,3.4570029399796702,0.78
121.33333333333333,1.0,6.17935262501523,0.78
121.5,1.0,4.617239988185414,0.78
121.66666666666667,1.0,3.1817032011505844,0.78
121.83333333333333,0.9983,0.0,0.78
122.0,0.9956,0.0,0.78
122.16666666666667,0.993,0.0,0.78
122.33333333333333,0.9922,5.562484781947683,0.78
122.5,1.0,5.54616081519869,0.78
122.66666666666667,1.0,3.0333590657477134,0.78
122.83333333333333,1.0,5.119639849358806,0.78
123.0,1.0,5.91383760194941,0.78
123.16666666666667,1.0,3.1733249226980558,0.78
123.33333333333333,0.9993,0.0,0.78
123.5,0.9967,0.0,0.78
123.66666666666667,0.994,0.0,0.78
123.83333333333333,0.9914,0.0,0.78
124.0,1.0,6.2972199054322155,0.78
124.16666666666667,1.0,3.821231823163467,0.78
124.33333333333333,1.0,3.719559169822018,0.78
124.5,1.0,6.279301572111665,0.78
124.66666666666667,1.0,4.2723493662941685,0.78
124.83333333333333,1.0,3.365862896533237,0.78
125.0,0.9933,0.0,3.75
125.16666666666667,0.9882,0.0,0.78
125.33333333333333,0.9855,0.0,0.78
125.5,0.9867,5.831965584966549,0.78
125.66666666666667,1.0,5.234560334035342,0.78
125.83333333333333,1.0,3.020563669869507,0.78
126.0,1.0,5.441780723105187,0.78
126.16666666666667,1.0,5.661264789712144,0.78
126.33333333333333,1.0,3.05924455931975,0.78
126.5,0.9991,0.0,0.78
126.66666666666667,0.9964,0.0,0.78
126.83333333333333,0.9938,0.0,0.78
127.0,0.9911,0.0,0.78
127.16666666666667,1.0,6.2220370865112535,0.78
127.33333333333333,1.0,3.5426026848454923,0.78
127.5,1.0,4.024266774915918,0.78
127.66666666666667,1.0,6.306923409733659,0.78
127.83333333333333,1.0,3.944887872600665,0.78
128.0,0.9905,3.6079922047303743,9.45
128.16666666666666,0.9788,0.0,0.78
128.33333333333334,0.9762,0.0,0.78
128.5,0.9735,0.0,0.78
128.66666666666666,0.9768,6.049125332997538,0.78
128.83333333333334,0.9941,4.897356348772356,0.78
129.0,1.0,3.081180586121999,0.78
129.16666666666666,1.0,5.729050646104241,0.78
129.33333333333334,1.0,5.3640051158201905,0.78
129.5,1.0,3.016846595871541,0.78
129.66666666666666,0.9988,0.0,0.78
129.83333333333334,0.9962,0.0,0.78
130.0,0.9935,0.0,0.78
130.16666666666666,0.9908,0.0,0.78
130.33333333333334,1.0,6.077088178136565,0.78
130.5,1.0,3.3140388861859638,0.78
130.66666666666666,1.0,4.357498421165394,0.78
130.83333333333334,1.0,6.260982815876352,0.78
131.0,0.992,3.6495004555851125,9.45
131.16666666666666,0.9902,3.8972624594334744,0.78
131.33333333333334,0.9876,0.0,0.78
131.5,0.9849,0.0,0.78
131.66666666666666,0.9823,0.0,0.78
131.83333333333334,0.9885,6.204252064838681,0.78
132.0,1.0,4.549629518011133,0.78
132.16666666666666,1.0,3.212498864874029,0.78
132.33333333333334,1.0,5.968602143757404,0.78
132.5,1.0,5.035352823087537,0.78
132.66666666666666,1.0,3.04802718198422,0.78
132.83333333333334,0.9985,0.0,0.78
133.0,0.9959,0.0,0.78
133.16666666666666,0.9932,0.0,0.78
133.33333333333334,0.9906,0.0,0.78
133.5,1.0,5.868855680804526,0.78
133.66666666666666,1.0,3.1457624078460467,0.78
133.83333333333334,1.0,4.704351103529286,0.78
134.0,0.9951,6.143534376019711,9.45
134.16666666666666,0.9969,3.399397625757017,0.78
134.33333333333334,0.9997,0.0,0.78
134.5,0.9971,0.0,0.78
134.66666666666666,0.9944,0.0,0.78
134.83333333333334,0.9918,0.0,0.78
135.0,1.0,6.290408100672756,0.78
135.16666666666666,1.0,4.2069311099763755,0.78
135.33333333333334,1.0,3.4086456036198984,0.78
135.5,1.0,6.149721836296208,0.78
135.66666666666666,1.0,4.690006115692896,0.78
135.83333333333334,1.0,3.151391838960297,0.78
136.0,0.9983,0.0,0.78
136.16666666666666,0.9956,0.0,0.78
136.33333333333334,0.993,0.0,0.78
136.5,0.9922,5.500714085748529,0.78
136.66666666666666,1.0,5.606652305334768,0.78
136.83333333333334,1.0,3.045299021262023,0.78
137.0,0.9923,5.049312648022961,9.45
137.16666666666666,0.9982,5.959830696604211,0.78
137.33333333333334,1.0,3.205764646508033,0.78
137.5,0.9995,0.0,0.78
137.66666666666666,0.9968,0.0,0.78
137.83333333333334,0.9942,0.0,0.78
138.0,0.9915,0.0,0.78
138.16666666666666,1.0,6.303740313550943,0.78
138.33333333333334,1.0,3.884587508461509,0.78
138.5,1.0,3.660848598791198,0.78
138.66666666666666,1.0,6.264309569604626,0.78
138.83333333333334,1.0,4.343409816416981,0.78
139.0,1.0,3.322317824568267,0.78
139.16666666666666,0.998,0.0,0.78
139.33333333333334,0.9954,0.0,0.78
139.5,0.9927,0.0,0.78
139.66666666666666,0.9938,5.779664691191351,0.78
139.83333333333334,1.0,5.3022044836866,0.78
140.0,1.0,3.01714171614109,0.78
140.16666666666666,1.0,5.376955457374501,0.78
140.33333333333334,1.0,5.718087494507949,0.78
140.5,1.0,3.0772612993996082,0.78
140.66666666666666,0.9992,0.0,0.78
140.83333333333334,0.9966,0.0,0.78
141.0,0.9939,0.0,0.78
141.16666666666666,0.9912,0.0,0.78
141.33333333333334,1.0,6.243652451472663,0.78
141.5,1.0,3.597014776203763,0.78
141.66666666666666,1.0,3.9578286620193026,0.78
141.83333333333334,1.0,6.30724067564356,0.78
142.0,1.0,4.0110646331112,0.78
142.16666666666666,1.0,3.5531608743637095,0.78
142.33333333333334,0.9977,0.0,0.78
142.5,0.9951,0.0,0.78
142.66666666666666,0.9924,0.0,0.78
142.83333333333334,0.9956,6.00863327664601,0.78
143.0,1.0,4.9691279317497425,0.78
143.16666666666666,1.0,3.06254976201808,0.78
143.33333333333334,1.0,5.672626474185481,0.78
143.5,1.0,5.429116168348239,0.78
143.66666666666666,1.0,3.019634595711486,0.78
143.83333333333334,0.9989,0.0,0.78
144.0,0.9963,0.0,0.78
144.16666666666666,0.9936,0.0,0.78
144.33333333333334,0.991,0.0,0.78
144.5,1.0,6.112831803360029,0.78
144.66666666666666,1.0,3.3570739302367016,0.78
144.83333333333334,1.0,4.28630405542241,0.78
145.0,1.0,6.2765951612283235,0.78
145.16666666666666,1.0,3.707833925837408,0.78
145.33333333333334,1.0,3.8335970735157914,0.78
145.5,0.9975,0.0,0.78
145.66666666666666,0.9948,0.0,0.78
145.83333333333334,0.9922,0.0,0.78
146.0,0.9975,6.1773797583098276,0.78
146.16666666666666,1.0,4.622318718335396,0.78
146.33333333333334,1.0,3.1794923903743655,0.78
146.5,1.0,5.9231025046096635,0.78
146.66666666666666,1.0,5.105840283995783,0.78
146.83333333333334,1.0,3.0354617548201404,0.78
147.0,0.9987,0.0,0.78
147.16666666666666,0.996,0.0,0.78
147.33333333333334,0.9934,0.0,0.78
147.5,0.9907,0.0,0.78
147.66666666666666,1.0,5.917129016353717,0.78
147.83333333333334,1.0,3.1754957630203857,0.78
148.0,1.0,4.631584486230052,0.78
148.16666666666666,1.0,6.1737435752277285,0.78
148.33333333333334,1.0,3.4472789778950634,0.78
148.5,0.9997,0.0,0.78
148.66666666666666,0.9895,0.0,3.75
148.83333333333334,0.9869,0.0,0.78
149.0,0.9842,0.0,0.78
149.16666666666666,0.9916,6.278357344948485,0.78
149.33333333333334,1.0,4.277287073381231,0.78
149.5,1.0,3.3627396160043497,0.78
149.66666666666666,1.0,6.1171815947326635,0.78
149.83333333333334,1.0,4.762717598354568,0.78
150.0,1.0,3.1240349440973163,0.78
150.16666666666666,0.9983,0.0,0.78
150.33333333333334,0.9956,0.0,0.78
150.5,0.993,0.0,0.78
150.66666666666666,0.9912,5.437303219820281,0.78
150.83333333333334,1.0,5.665296439320194,0.78
151.0,1.0,3.0604009328771675,0.78
151.16666666666666,1.0,4.97822809572668,0.78
151.33333333333334,1.0,6.003285713975376,0.78
151.5,1.0,3.241052499182485,0.78
151.66666666666666,0.9995,0.0,0.78
151.83333333333334,0.9968,0.0,0.78
152.0,0.9809,0.0,9.45
152.16666666666666,0.9679,0.0,0.78
152.33333333333334,0.9775,6.307050050461452,0.78
152.5,0.993,3.9494637292380923,0.78
152.66666666666666,1.0,3.604096135856608,0.78
152.83333333333334,1.0,6.246184011728861,0.78
153.0,1.0,4.415093470040438,0.78
153.16666666666666,1.0,3.281392935066768,0.78
153.33333333333334,0.998,0.0,0.78
153.5,0.9954,0.0,0.78
153.66666666666666,0.9927,0.0,0.78
153.83333333333334,0.9929,5.725178075968724,0.78
154.0,1.0,5.368596694544286,0.78
154.16666666666666,1.0,3.0169367865646017,0.78
154.33333333333334,1.0,5.310732060222049,0.78
154.5,1.0,5.772844906150097,0.78
154.66666666666666,1.0,3.0983774860340985,0.78
154.83333333333334,0.9992,0.0,0.78
155.0,0.9833,0.0,9.45
155.16666666666666,0.9703,0.0,0.78
155.33333333333334,0.9677,0.0,0.78
155.5,0.9794,6.262174660785127,0.78
155.66666666666666,0.9939,3.6535098173002067,0.78
155.83333333333334,1.0,3.8927678447716834,0.78
156.0,1.0,6.304340424586472,0.78
156.16666666666666,1.0,4.078514574151635,0.78
156.33333333333334,1.0,3.5004982600717507,0.78
156.5,0.9977,0.0,0.78
156.66666666666666,0.9951,0.0,0.78
156.83333333333334,0.9924,0.0,0.78
157.0,0.9947,5.96550769840208,0.78
157.16666666666666,1.0,5.040298983321462,0.78
157.33333333333334,1.0,3.0470471562453776,0.78
157.5,1.0,5.614225918537424,0.78
157.66666666666666,1.0,5.492727077252553,0.78
157.83333333333334,1.0,3.0256347443071174,0.78
158.0,0.9862,0.0,9.45
158.16666666666666,0.9718,0.0,0.78
158.33333333333334,0.9691,0.0,0.78
158.5,0.9664,0.0,0.78
158.66666666666666,0.9812,6.145738122636898,0.78
158.83333333333334,0.9948,3.4026611832358893,0.78
159.0,1.0,4.215844576558517,0.78
159.16666666666666,1.0,6.2890499239268465,3.75
159.33333333333334,1.0,3.7680336136310966,0.78
159.5,1.0,3.771551946536145,0.78
159.66666666666666,0.9975,0.0,0.78
159.83333333333334,0.9948,0.0,0.78
160.0,0.9922,0.0,0.78
160.16666666666666,0.9974,6.1475439075432545,0.78
160.33333333333334,1.0,4.695085652002741,0.78
160.5,1.0,3.1493854261457734,0.78
160.66666666666666,1.0,5.875136618559234,0.78
160.83333333333334,1.0,5.175459841220864,0.78
161.0,0.9903,3.0260775227816823,9.45
161.16666666666666,0.9817,0.0,0.78
161.33333333333334,0.979,0.0,0.78
161.5,0.9764,0.0,0.78
161.66666666666666,0.9737,0.0,0.78
161.83333333333334,0.9906,5.962947787522928,0.78
162.0,1.0,3.208136444784807,0.78
162.16666666666666,1.0,4.558877480945261,0.78
162.33333333333334,1.0,6.200996341585817,0.78
162.5,1.0,3.497536122376634,0.78
162.66666666666666,0.9999,0.0,0.78
162.83333333333334,0.9972,0.0,0.78
163.0,0.9946,0.0,0.78
163.16666666666666,0.9919,0.0,0.78
163.33333333333334,0.9993,6.263145560217405,0.78
163.5,1.0,4.348395558436181,0.78
163.66666666666666,1.0,3.3193747567927137,0.78
163.83333333333334,1.0,6.081795540210486,0.78
164.0,1.0,4.835232232233479,0.78
164.16666666666666,1.0,3.099686019227383,0.78
164.33333333333334,0.9984,0.0,0.78
164.5,0.9958,0.0,0.78
164.66666666666666,0.9931,0.0,0.78
164.83333333333334,0.9914,5.372376198616376,0.78
165.0,1.0,5.72197852513623,0.78
165.16666666666666,1.0,3.0786352653504574,0.78
165.33333333333334,1.0,4.906525214572428,0.78
165.5,1.0,6.044117667836187,0.78
165.66666666666666,1.0,3.2791194672534814,0.78
165.83333333333334,0.9996,0.0,0.78
166.0,0.9969,0.0,0.78
166.16666666666666,0.9943,0.0,0.78
166.33333333333334,0.9916,0.0,0.78
166.5,1.0,6.30714264321612,0.78
166.66666666666666,1.0,4.015733605203183,0.78
166.83333333333334,1.0,3.5494127734415333,0.78
167.0,1.0,6.224960347158982,0.78
167.16666666666666,1.0,4.48726013338238,0.78
167.33333333333334,1.0,3.2431682660116463,0.78
167.5,0.9981,0.0,0.78
167.66666666666666,0.9955,0.0,0.78
167.83333333333334,0.9928,0.0,0.78
